work_year,experience_level,employment_type,job_title,salary,salary_currency,salary_in_usd,company_location,company_size
2023,EN,FT,Applied_Scientist,213660,USD,213660,US,L
2023,EN,FT,Applied_Scientist,130760,USD,130760,US,L
2023,EN,FT,Data_Quality_Analyst,100000,USD,100000,NG,L
2023,EN,FT,Compliance_Data_Analyst,30000,USD,30000,NG,L
2023,EN,FT,Applied_Scientist,204620,USD,204620,US,L
2023,EN,FT,Applied_Scientist,110680,USD,110680,US,L
2023,EN,FT,Machine_Learning_Engineer,163196,USD,163196,US,M
2023,EN,FT,Machine_Learning_Engineer,145885,USD,145885,US,M
2023,EN,FT,Research_Scientist,220000,USD,220000,US,L
2023,EN,FT,Data_Engineer,85000,USD,85000,US,M
2023,EN,FT,Data_Engineer,65000,USD,65000,US,M
2023,EN,FT,Data_Analyst,75000,USD,75000,US,M
2023,EN,FT,Data_Analyst,70000,USD,70000,US,M
2023,EN,FT,Data_Analyst,85000,USD,,US,M
2023,EN,FT,Data_Analyst,75000,USD,75000,US,M
2023,EN,FT,Data_Engineer,1400000,INR,17022,IN,L
2023,EN,FT,Data_Engineer,85000,,85000,US,M
2023,EN,FT,Data_Engineer,65000,,65000,US,M
2023,EN,FT,Data_Analyst,55000,CAD,40663,CA,L
2023,EN,FT,Data_Scientist,70000,CAD,51753,CA,L
2023,EN,FT,Data_Scientist,130001,,130001,US,M
2023,EN,FT,Data_Scientist,71907,USD,71907,US,M
2023,EN,FT,Data_Engineer,85000,USD,85000,US,M
2023,EN,FT,Data_Engineer,65000,USD,65000,US,M
2023,EN,FT,Applied_Scientist,213660,USD,213660,US,L
2023,EN,FT,Applied_Scientist,130760,,130760,US,L
2023,EN,FT,BI_Data_Engineer,60000,USD,60000,US,M
2023,EN,FT,Data_Engineer,85000,USD,85000,US,M
2023,EN,FT,Data_Engineer,65000,USD,65000,US,M
2023,EN,FT,Research_Engineer,155000,USD,155000,US,M
2023,EN,FT,Research_Engineer,125000,,125000,US,M
2023,EN,FT,Research_Engineer,155000,USD,155000,US,M
2023,EN,FT,Research_Engineer,125000,USD,125000,US,M
2023,EN,FT,Data_Analyst,64200,USD,64200,US,M
2023,EN,FT,Data_Analyst,56100,USD,56100,US,M
2023,EN,FT,Data_Engineer,92700,USD,92700,US,M
2023,EN,FT,Data_Engineer,61800,USD,61800,US,M
2023,EN,FT,Business_Data_Analyst,20000,EUR,21461,ES,M
2023,EN,FT,Research_Engineer,160000,USD,160000,US,M
2023,EN,FT,Research_Engineer,120000,USD,120000,US,M
2023,EN,FT,Autonomous_Vehicle_Technician,7000,USD,7000,GH,S
2023,EN,FT,Applied_Machine_Learning_Scientist,40000,EUR,42923,DE,M
2023,EN,FT,Data_Scientist,190000,,190000,US,M
2023,EN,FT,Data_Scientist,120000,USD,120000,US,M
2023,EN,FT,Data_Scientist,112000,CHF,121093,CH,L
2023,EN,FT,Data_Analyst,85000,USD,85000,US,M
2023,EN,FT,Data_Analyst,75000,USD,75000,US,M
2023,EN,FT,Data_Engineer,92700,USD,92700,US,M
2023,EN,FT,Data_Engineer,61800,USD,61800,US,M
2023,EN,FT,Data_Engineer,62000,,62000,US,M
2023,EN,FT,Data_Engineer,58000,USD,58000,US,M
2023,EN,FT,Data_Engineer,125000,USD,125000,US,M
2023,EN,FT,Data_Engineer,90000,USD,90000,US,M
2023,EN,FT,,95000,USD,95000,US,M
2023,EN,FT,Data_Analyst,70000,,70000,US,M
2023,EN,FT,Data_Engineer,115100,USD,115100,US,M
2023,EN,FT,Data_Engineer,73900,USD,73900,US,M
2023,EN,FT,AI_Programmer,70000,USD,70000,AU,L
2023,EN,FT,AI_Developer,80000,,80000,SE,M
2023,EN,FT,Research_Scientist,150000,USD,150000,US,M
2023,EN,FT,Research_Scientist,100000,USD,100000,US,M
2023,EN,FT,Data_Analyst,75000,USD,75000,US,M
2023,EN,FT,,60000,USD,60000,US,M
2023,EN,FT,Data_Engineer,125000,USD,125000,US,M
2023,EN,FT,Data_Engineer,90000,USD,90000,US,M
2023,EN,FT,AI_Developer,200000,EUR,214618,DE,L
2023,EN,FT,Data_Analyst,100000,USD,100000,US,L
2023,EN,FT,Data_Analyst,150000,USD,150000,US,M
2023,EN,FT,Data_Analyst,100000,USD,100000,US,M
2023,EN,FT,Research_Scientist,150000,USD,150000,US,M
2023,EN,FT,Research_Scientist,100000,USD,100000,US,M
2023,EN,FT,Data_Analyst,85000,USD,85000,US,M
2023,EN,FT,Data_Analyst,75000,USD,75000,US,M
2023,EN,FT,,30000,USD,30000,IN,M
2023,EN,FT,Computer_Vision_Engineer,220000,USD,220000,US,M
2023,EN,FT,AI_Developer,60000,EUR,64385,DE,M
2023,EN,FT,Data_Analyst,55000,USD,55000,US,M
2023,EN,FT,Data_Analyst,48000,USD,48000,US,M
2023,EN,PT,Data_Analyst,78000,PLN,17779,IN,L
2023,EN,FT,Data_Scientist,101400,BRL,19522,BR,L
2023,EN,FT,Data_Analyst,75000,USD,75000,US,M
2023,EN,FT,Data_Analyst,60000,USD,60000,US,M
2023,EN,FT,Research_Engineer,120000,USD,120000,GB,M
2023,EN,FT,Research_Engineer,60000,USD,60000,GB,M
2023,EN,FT,,60000,USD,60000,US,L
2023,EN,FT,Data_Analyst,50000,USD,50000,US,L
2023,EN,FT,Data_Scientist,800000,INR,9727,IN,L
2023,EN,FT,Data_Analyst,85000,USD,85000,US,M
2023,EN,FT,Data_Analyst,75000,USD,75000,US,M
2023,EN,FT,Data_Engineer,12000,USD,12000,VN,L
2023,EN,FT,Data_Analyst,55000,USD,55000,US,M
2023,EN,FT,Data_Analyst,48000,USD,48000,US,M
2023,EN,FT,Data_Analyst,100000,USD,100000,US,M
2023,EN,FT,Data_Scientist,110000,USD,110000,US,S
2023,EN,FT,Data_Scientist,1050000,INR,12767,IN,L
2023,EN,FT,Data_Engineer,25000,EUR,26827,DE,L
2023,EN,FT,BI_Developer,160000,USD,160000,US,M
2023,EN,FT,BI_Developer,100000,USD,100000,US,M
2023,EN,FT,Big_Data_Engineer,130000,USD,130000,SE,S
2023,EN,FT,Data_Engineer,160000,USD,160000,US,M
2023,EN,FT,Data_Engineer,135000,USD,135000,US,M
2023,EN,FT,Data_Analyst,30000,USD,30000,US,S
2023,EN,FT,Data_Scientist,124234,USD,124234,US,M
2023,EN,FT,Data_Scientist,74540,USD,74540,US,M
2023,EN,FT,Data_Scientist,1060000,INR,12888,IN,S
2023,EN,FT,AI_Developer,120000,USD,120000,BA,S
2023,EN,FT,Business_Data_Analyst,12000,EUR,12877,GR,L
2023,EN,FT,Data_Engineer,160000,USD,160000,US,M
2023,EN,FT,Data_Engineer,135000,USD,135000,US,M
2023,EN,FT,Data_Scientist,50000,USD,50000,US,M
2023,EN,FT,Data_Engineer,160000,USD,160000,US,M
2023,EN,FT,Data_Engineer,135000,USD,135000,US,M
2023,EN,FT,Research_Engineer,160000,USD,160000,US,M
2023,EN,FT,Research_Engineer,120000,USD,120000,US,M
2023,EN,FT,Deep_Learning_Engineer,150000,USD,150000,US,M
2023,EN,FT,Deep_Learning_Engineer,120000,USD,120000,US,M
2023,EN,FT,Data_Engineer,160000,USD,160000,US,M
2023,EN,FT,Data_Engineer,135000,USD,135000,US,M
2023,EX,FT,Data_Scientist,258750,USD,258750,US,M
2023,EX,FT,Data_Scientist,185000,USD,185000,US,M
2023,EX,FT,Data_Engineer,220000,USD,220000,US,M
2023,EX,FT,Data_Engineer,205000,USD,205000,US,M
2023,EX,FT,Head_of_Data,329500,USD,329500,US,M
2023,EX,FT,Head_of_Data,269600,USD,269600,US,M
2023,EX,FT,Data_Engineer,145000,USD,145000,US,M
2023,EX,FT,Data_Engineer,115000,USD,115000,US,M
2023,EX,FT,Data_Engineer,175000,USD,175000,US,M
2023,EX,FT,Data_Engineer,110000,USD,110000,US,M
2023,EX,FT,Analytics_Engineer,221000,USD,221000,US,M
2023,EX,FT,Analytics_Engineer,153000,USD,153000,US,M
2023,EX,FT,Data_Scientist,200000,USD,200000,US,M
2023,EX,FT,Data_Scientist,145000,USD,145000,US,M
2023,EX,FT,Data_Architect,180000,USD,180000,US,M
2023,EX,FT,Data_Architect,155000,USD,155000,US,M
2023,EX,FT,Data_Engineer,286000,USD,286000,US,M
2023,EX,FT,Data_Engineer,207000,USD,207000,US,M
2023,EX,FT,Director_of_Data_Science,353200,USD,353200,US,M
2023,EX,FT,Director_of_Data_Science,249300,USD,249300,US,M
2023,EX,FT,Data_Scientist,145000,USD,145000,US,M
2023,EX,FT,Data_Scientist,100000,USD,100000,US,M
2023,EX,FT,Data_Engineer,265000,USD,265000,US,M
2023,EX,FT,Data_Engineer,235000,USD,235000,US,M
2023,EX,FT,Data_Engineer,194500,USD,194500,US,M
2023,EX,FT,Data_Engineer,115500,USD,115500,US,M
2023,EX,FT,Data_Scientist,200000,USD,200000,US,M
2023,EX,FT,Data_Scientist,145000,USD,145000,US,M
2023,EX,FT,Data_Engineer,210914,USD,210914,US,M
2023,EX,FT,Data_Engineer,116704,USD,116704,US,M
2023,EX,FT,Data_Engineer,167500,USD,167500,US,M
2023,EX,FT,Data_Engineer,106500,USD,106500,US,M
2023,EX,FT,Data_Engineer,310000,USD,310000,US,M
2023,EX,FT,Data_Engineer,239000,USD,239000,US,M
2023,EX,FT,Data_Engineer,310000,USD,310000,US,M
2023,EX,FT,Data_Engineer,239000,USD,239000,US,M
2023,EX,FT,Head_of_Data_Science,131899,GBP,160288,GB,M
2023,EX,FT,Head_of_Data_Science,104891,GBP,127467,GB,M
2023,EX,FT,Data_Engineer,310000,USD,310000,US,M
2023,EX,FT,Data_Engineer,239000,USD,239000,US,M
2023,EX,FT,Data_Engineer,235000,USD,235000,US,M
2023,EX,FT,Data_Engineer,210000,USD,210000,US,M
2023,EX,FT,Data_Engineer,210914,USD,210914,US,M
2023,EX,FT,Data_Engineer,116704,USD,116704,US,M
2023,EX,FT,Data_Engineer,284000,USD,284000,US,M
2023,EX,FT,Data_Engineer,236000,USD,236000,US,M
2023,EX,FT,Data_Analytics_Manager,155000,USD,155000,US,M
2023,EX,FT,Data_Analytics_Manager,140000,USD,140000,US,M
2023,EX,FT,Data_Engineer,175000,USD,175000,US,M
2023,EX,FT,Data_Engineer,110000,USD,110000,US,M
2023,EX,FT,Head_of_Data_Science,314100,USD,314100,US,M
2023,EX,FT,Head_of_Data_Science,195800,USD,195800,US,M
2023,EX,FT,Data_Engineer,200000,USD,200000,US,M
2023,EX,FT,Data_Engineer,145000,USD,145000,US,M
2023,EX,FT,Data_Engineer,310000,USD,310000,US,M
2023,EX,FT,Data_Engineer,239000,USD,239000,US,M
2023,EX,FT,Data_Scientist,300000,USD,300000,US,M
2023,EX,FT,Data_Scientist,200000,USD,200000,US,M
2023,EX,FT,Data_Engineer,196200,USD,196200,US,M
2023,EX,FT,Data_Engineer,150900,USD,150900,US,M
2023,MI,CT,ML_Engineer,30000,USD,30000,US,S
2023,MI,CT,ML_Engineer,25500,USD,25500,US,S
2023,MI,FT,,,USD,150000,US,M
2023,MI,FT,Data_Analyst,110000,USD,110000,US,M
2023,MI,FT,Data_Engineer,162500,USD,162500,US,M
2023,MI,FT,Data_Engineer,130000,USD,130000,US,M
2023,MI,FT,Data_Analyst,105380,USD,105380,US,M
2023,MI,FT,Data_Analyst,64500,USD,64500,US,M
2023,MI,FT,Data_Scientist,510000,HKD,65062,HK,L
2023,MI,FT,Applied_Machine_Learning_Engineer,65000,EUR,69751,DE,S
2023,MI,FT,Machine_Learning_Engineer,90000,EUR,96578,NL,L
2023,MI,FT,Data_Analytics_Manager,155000,USD,155000,US,M
2023,MI,FT,Data_Analytics_Manager,140000,USD,140000,US,M
2023,MI,FT,Data_Engineer,100000,USD,100000,US,M
2023,MI,FT,Data_Engineer,70000,USD,70000,US,M
2023,MI,FT,Data_Engineer,100000,USD,100000,US,M
2023,MI,FT,Data_Engineer,70000,USD,70000,US,
2023,MI,FT,Business_Data_Analyst,105000,USD,105000,US,L
2023,MI,FT,Applied_Data_Scientist,1700000,INR,20670,IN,L
2023,MI,FT,Data_Analyst,38000,GBP,46178,GB,M
2023,MI,FT,Data_Analyst,35000,GBP,42533,GB,M
2023,MI,FT,Data_Engineer,162500,USD,162500,US,M
2023,MI,FT,Data_Engineer,130000,USD,130000,US,M
2023,MI,FT,Data_Scientist,55000,GBP,66837,,M
2023,MI,FT,Data_Scientist,45000,GBP,54685,GB,M
2023,MI,FT,ETL_Engineer,70000,GBP,85066,,M
2023,MI,FT,ETL_Engineer,47500,GBP,57723,GB,M
2023,MI,FT,Machine_Learning_Engineer,300000,USD,300000,US,M
2023,MI,FT,Machine_Learning_Engineer,250000,USD,250000,US,M
2023,MI,FT,Research_Engineer,230000,USD,230000,US,M
2023,MI,FT,Research_Engineer,200000,USD,200000,US,M
2023,MI,FT,Data_Engineer,180000,USD,,US,M
2023,MI,FT,Data_Engineer,130000,USD,130000,US,M
2023,MI,FT,AI_Developer,100000,SGD,75020,FI,M
2023,MI,FT,AI_Developer,200000,USD,200000,US,M
2023,MI,FT,Machine_Learning_Engineer,280700,USD,280700,US,M
2023,MI,FT,Machine_Learning_Engineer,150450,USD,150450,US,M
2023,MI,FT,Data_Scientist,93918,USD,93918,US,M
2023,,FT,Data_Scientist,51962,USD,,US,M
2023,MI,FT,Big_Data_Engineer,45000,EUR,48289,ES,M
2023,MI,FT,Data_Analyst,90000,USD,90000,US,M
2023,MI,FT,Data_Analyst,75000,USD,75000,US,M
2023,MI,FT,Research_Scientist,161200,GBP,195895,GB,M
2023,MI,FT,Research_Scientist,84570,GBP,102772,GB,M
2023,,FT,Data_Specialist,130000,USD,130000,US,M
2023,MI,FT,Data_Specialist,80000,USD,80000,US,M
2023,MI,,Data_Scientist,180000,USD,180000,US,M
2023,MI,FT,Data_Scientist,140000,USD,140000,US,M
2023,MI,FT,Lead_Data_Analyst,68000,USD,68000,US,L
2023,MI,FT,Data_Engineer,125000,USD,125000,US,M
2023,MI,FT,Data_Engineer,90000,USD,90000,US,M
2023,MI,FT,Data_Manager,135000,USD,135000,US,M
2023,MI,FT,Data_Manager,120000,USD,120000,US,M
2023,MI,FT,Data_Analyst,182500,USD,182500,US,M
2023,MI,FT,Data_Analyst,101500,USD,121500,US,M
2023,MI,FT,Data_Analyst,90000,GBP,72914,GB,M
2023,MI,FT,Data_Analyst,121500,USD,121500,US,M
2023,MI,FT,Data_Analyst,60000,GBP,72914,GB,M
2023,MI,FT,Data_Analyst,45000,GBP,54685,GB,M
2023,MI,FT,Data_Architect,167500,USD,167500,US,M
2023,MI,FT,Data_Architect,106500,USD,106500,US,M
2023,MI,FT,Data_Engineer,146000,USD,146000,US,M
2023,MI,FT,Data_Engineer,75000,USD,75000,US,M
2023,MI,FT,Machine_Learning_Scientist,230000,USD,230000,US,M
2023,MI,FT,Machine_Learning_Scientist,220000,USD,220000,US,M
2023,MI,FT,Research_Scientist,210000,USD,210000,US,M
2023,MI,FT,Research_Scientist,151800,USD,151800,US,M
2023,MI,FT,MLOps_Engineer,134000,USD,135000,US,L
2023,MI,FT,MLOps_Engineer,124000,USD,104000,US,L
2023,MI,FT,MLOps_Engineer,134000,USD,134000,US,M
2023,MI,FT,MLOps_Engineer,124000,USD,124000,US,M
2023,MI,FT,Data_Architect,167500,USD,167500,US,M
2023,MI,FT,Data_Architect,106500,USD,106500,US,M
2023,MI,FT,Machine_Learning_Engineer,135000,USD,135000,US,L
2023,MI,FT,Data_Engineer,143865,USD,143865,US,M
2023,MI,FT,Data_Engineer,115092,USD,115092,US,M
2023,MI,FT,Machine_Learning_Engineer,130000,USD,130000,US,M
2023,MI,FT,Machine_Learning_Engineer,90000,USD,90000,US,M
2023,MI,FT,Data_Engineer,149600,USD,149600,US,M
2023,MI,FT,Data_Engineer,102000,USD,102000,US,M
2023,MI,FT,Data_Scientist,90000,EUR,96578,IE,M
2023,MI,FT,Data_Scientist,75000,EUR,80481,IE,M
2023,MI,FT,Data_Analyst,128000,USD,128000,US,M
2023,MI,FT,Data_Analyst,85000,USD,85000,US,M
2023,MI,FT,Data_Engineer,151000,USD,151000,US,M
2023,MI,FT,Data_Engineer,140000,USD,140000,US,M
2023,MI,FT,Data_Analyst,154000,USD,154000,US,M
2023,MI,FT,Data_Analyst,143000,USD,143000,US,M
2023,MI,FT,Data_Scientist,65000,GBP,78990,GB,M
2023,MI,FT,Data_Scientist,42000,GBP,51039,GB,M
2023,MI,FT,Data_Scientist,70000,GBP,85066,GB,M
2023,MI,FT,Data_Scientist,42000,GBP,51039,GB,M
2023,MI,FT,Data_Scientist,90000,GBP,109371,GB,M
2023,MI,FT,Data_Scientist,60000,GBP,72914,GB,M
2023,MI,FT,Data_Engineer,75000,USD,75000,US,M
2023,MI,FT,Data_Engineer,60400,USD,60400,US,M
2023,MI,FT,Data_Scientist,56000,EUR,60093,DE,M
2023,MI,FT,Data_Analyst,83500,USD,83500,US,M
2023,MI,FT,Data_Analyst,52500,USD,52500,US,M
2023,MI,FT,Data_Engineer,90000,USD,90000,US,M
2023,MI,FT,Data_Engineer,90000,USD,90000,US,M
2023,MI,FT,Data_Engineer,145000,USD,145000,US,M
2023,MI,FT,Data_Engineer,120000,USD,120000,US,M
2023,MI,FT,Data_Analyst,206000,USD,206000,US,M
2023,MI,FT,Data_Analyst,130000,USD,130000,US,M
2023,MI,FT,Data_Analyst,160000,USD,160000,US,M
2023,MI,FT,Data_Analyst,112000,USD,112000,US,M
2023,MI,FT,Data_Engineer,162500,USD,162500,US,M
2023,MI,FT,Data_Engineer,130000,USD,130000,US,M
2023,MI,FT,Data_Scientist,145000,USD,145000,US,M
2023,MI,FT,Data_Scientist,100000,USD,100000,US,M
2023,MI,FT,Data_Scientist,145000,USD,145000,US,M
2023,MI,FT,Data_Scientist,100000,USD,100000,US,M
2023,MI,FT,Data_Analyst,100000,USD,100000,US,M
2023,MI,FT,Data_Analyst,85000,USD,85000,US,M
2023,MI,FT,Data_Engineer,70000,GBP,85066,GB,M
2023,MI,FT,Data_Engineer,47500,GBP,57723,GB,M
2023,MI,FT,Data_Engineer,140000,USD,140000,US,M
2023,MI,FT,Data_Engineer,95000,USD,95000,US,M
2023,MI,FT,Financial_Data_Analyst,130000,USD,130000,US,L
2023,MI,FT,Data_Analyst,75000,USD,75000,US,M
2023,MI,FT,Data_Analyst,65000,USD,65000,US,M
2023,MI,FT,ML_Engineer,160000,USD,160000,US,M
2023,MI,FT,ML_Engineer,147000,USD,147000,US,M
2023,MI,FT,Software_Data_Engineer,100000,SGD,75020,SG,L
2023,MI,FT,Data_Scientist,1400000,INR,17022,IN,L
2023,MI,FT,Lead_Data_Analyst,1500000,INR,18238,IN,L
2023,MI,FT,Machine_Learning_Engineer,250000,USD,250000,US,M
2023,MI,FT,Machine_Learning_Engineer,150000,USD,150000,US,M
2023,MI,FT,Analytics_Engineer,185700,USD,185700,US,M
2023,MI,FT,Analytics_Engineer,165000,USD,165000,US,M
2023,MI,FT,Data_Scientist,55000,EUR,59020,ES,M
2023,MI,FT,Data_Scientist,45000,EUR,48289,ES,M
2023,MI,FT,Data_Engineer,70000,EUR,75116,SI,M
2023,MI,FT,Data_Engineer,45000,EUR,48289,SI,M
2023,MI,FT,Data_Scientist,128750,USD,128750,US,M
2023,MI,FT,Data_Scientist,106250,USD,106250,US,M
2023,MI,FT,Data_Analytics_Manager,155000,USD,155000,US,M
2023,MI,FT,Data_Analytics_Manager,140000,USD,140000,US,M
2023,MI,FT,Data_Analyst,130000,USD,130000,CA,M
2023,MI,FT,Data_Analyst,100000,USD,100000,CA,M
2023,MI,FT,Data_Science_Manager,104500,USD,104500,US,M
2023,MI,FT,Data_Science_Manager,70000,USD,70000,US,M
2023,MI,FT,Data_Science_Consultant,90000,USD,90000,US,M
2023,MI,FT,Data_Science_Consultant,70000,USD,70000,US,M
2023,MI,FT,Research_Scientist,185000,USD,185000,US,M
2023,MI,FT,Research_Scientist,125000,USD,125000,US,M
2023,MI,FT,Data_Scientist,200000,USD,200000,US,M
2023,MI,FT,Data_Scientist,150000,USD,150000,US,M
2023,MI,FT,Data_Engineer,72000,USD,72000,MX,M
2023,MI,FT,Data_Engineer,60000,USD,60000,MX,M
2023,MI,FT,Data_Engineer,260000,USD,260000,US,M
2023,MI,FT,Data_Engineer,175000,USD,175000,US,M
2023,MI,FT,Research_Scientist,340000,USD,340000,US,M
2023,MI,FT,Research_Scientist,150000,USD,150000,US,M
2023,MI,FT,Data_Engineer,250000,USD,250000,US,M
2023,MI,FT,Data_Engineer,175000,USD,175000,US,M
2023,MI,FT,Data_Scientist,60000,EUR,64385,FR,M
2023,MI,FT,Data_Engineer,146000,USD,146000,US,M
2023,MI,FT,Data_Engineer,75000,USD,75000,US,M
2023,MI,FT,Data_Engineer,149600,USD,149600,US,M
2023,MI,FT,Data_Engineer,102000,USD,102000,US,M
2023,MI,FT,Data_Analyst,80000,GBP,97218,GB,M
2023,MI,FT,Data_Analyst,40000,GBP,48609,GB,M
2023,MI,FT,Data_Engineer,145000,USD,145000,US,M
2023,MI,FT,Data_Engineer,125000,USD,125000,US,M
2023,MI,FT,Data_Scientist,150000,USD,150000,US,M
2023,MI,FT,Data_Scientist,97750,USD,97750,US,M
2023,MI,FT,Data_Scientist,116990,USD,116990,US,M
2023,MI,FT,Data_Scientist,82920,USD,82920,US,M
2023,MI,FT,Machine_Learning_Scientist,200000,USD,200000,US,S
2023,MI,FT,Machine_Learning_Scientist,125000,USD,125000,US,S
2023,MI,FT,Machine_Learning_Infrastructure_Engineer,205920,USD,205920,US,M
2023,MI,FT,Machine_Learning_Infrastructure_Engineer,171600,USD,171600,US,M
2023,MI,FT,Data_Engineer,154000,USD,154000,US,M
2023,MI,FT,Data_Engineer,116000,USD,116000,US,M
2023,MI,FT,Data_Analyst,65000,GBP,78990,GB,M
2023,MI,FT,Data_Analyst,36050,GBP,43809,GB,M
2023,MI,FT,Data_Engineer,200000,USD,200000,US,M
2023,MI,FT,Data_Engineer,120000,USD,120000,US,M
2023,MI,FT,Data_Engineer,105000,GBP,127599,GB,M
2023,MI,FT,Data_Engineer,85000,GBP,103294,GB,M
2023,MI,FT,Data_Analytics_Manager,155000,USD,155000,US,M
2023,MI,FT,Data_Analytics_Manager,140000,USD,140000,US,M
2023,MI,FT,Research_Scientist,185000,USD,185000,US,M
2023,MI,FT,Research_Scientist,125000,USD,125000,US,M
2023,MI,FT,Machine_Learning_Engineer,200000,USD,200000,US,M
2023,MI,FT,Machine_Learning_Engineer,175000,USD,175000,US,M
2023,MI,FT,Data_Scientist,40000,USD,40000,FR,L
2023,MI,FT,Data_Engineer,140000,USD,140000,US,M
2023,MI,FT,Data_Engineer,100000,USD,100000,US,M
2023,MI,FT,Insight_Analyst,42000,GBP,51039,GB,M
2023,MI,FT,Insight_Analyst,35000,GBP,42533,GB,M
2023,MI,FT,Applied_Machine_Learning_Engineer,130000,USD,130000,US,M
2023,MI,FT,AI_Scientist,36000,EUR,38631,ES,L
2023,MI,FT,Deep_Learning_Engineer,150000,USD,150000,US,M
2023,MI,FT,Deep_Learning_Engineer,100000,USD,100000,US,M
2023,MI,FT,Data_Engineer,95000,GBP,115447,GB,L
2023,MI,FT,Data_Infrastructure_Engineer,190000,USD,190000,US,M
2023,MI,FT,Data_Infrastructure_Engineer,160000,USD,160000,US,M
2023,MI,FT,Data_Infrastructure_Engineer,190000,USD,190000,US,M
2023,MI,FT,Data_Infrastructure_Engineer,183310,USD,183310,US,M
2023,MI,FT,Machine_Learning_Engineer,148500,USD,148500,US,M
2023,MI,FT,Machine_Learning_Engineer,126277,USD,126277,US,M
2023,MI,FT,Data_Analyst,80000,USD,80000,US,M
2023,MI,FT,Data_Analyst,60000,USD,60000,US,M
2023,MI,FT,Data_Engineer,140000,USD,140000,US,M
2023,MI,FT,Data_Engineer,120000,USD,120000,US,M
2023,MI,FT,Data_Analyst,90000,GBP,109371,HR,M
2023,MI,FT,Data_Analyst,60000,GBP,72914,HR,M
2023,MI,FT,Data_Engineer,125000,USD,125000,US,M
2023,MI,FT,Data_Engineer,90000,USD,90000,US,M
2023,MI,FT,Data_Engineer,120000,USD,120000,US,M
2023,MI,FT,Data_Engineer,90000,USD,90000,US,M
2023,MI,FT,Data_Science_Lead,60000,GBP,72914,GB,M
2023,MI,FT,Data_Science_Lead,50000,GBP,60761,GB,M
2023,MI,FT,Machine_Learning_Engineer,40000,GBP,48609,GB,M
2023,MI,FT,Data_Analyst,165000,USD,165000,US,M
2023,MI,FT,Data_Analyst,124000,USD,124000,US,M
2023,MI,FT,Data_Scientist,170000,USD,170000,US,M
2023,MI,FT,Data_Scientist,120000,USD,120000,US,M
2023,MI,FT,Product_Data_Analyst,1350000,INR,16414,IN,L
2023,MI,FT,Data_Analyst,125000,USD,125000,US,M
2023,MI,FT,Data_Analyst,105000,USD,105000,US,M
2023,MI,FT,Data_Analyst,90000,GBP,109371,GB,M
2023,MI,FT,Data_Analyst,70000,GBP,85066,GB,M
2023,MI,FT,Data_Analyst,110000,USD,110000,US,M
2023,MI,FT,Data_Analyst,95000,USD,95000,US,M
2023,MI,FT,Machine_Learning_Engineer,36000,USD,36000,MX,S
2023,MI,FT,Machine_Learning_Engineer,100000,GBP,121523,GB,M
2023,MI,FT,Machine_Learning_Engineer,80000,GBP,97218,GB,M
2023,MI,FT,Machine_Learning_Engineer,120000,GBP,145828,GB,M
2023,MI,FT,Machine_Learning_Engineer,100000,GBP,121523,GB,M
2023,MI,FT,Data_Engineer,55000,GBP,66837,GB,M
2023,MI,FT,Data_Engineer,52000,GBP,63192,GB,M
2023,MI,FT,Data_Analyst,50000,GBP,60761,GB,M
2023,MI,FT,Data_Analyst,45000,GBP,54685,GB,M
2023,MI,FT,Data_Scientist,151410,USD,151410,US,M
2023,MI,FT,Data_Scientist,115360,USD,115360,US,M
2023,MI,FT,Data_Engineer,62000,EUR,66531,ES,M
2023,MI,FT,Data_Engineer,55000,EUR,59020,ES,M
2023,MI,FT,Research_Scientist,85000,USD,85000,US,M
2023,MI,FT,Research_Scientist,70000,USD,70000,US,M
2023,MI,FT,Data_Engineer,162500,USD,162500,US,M
2023,MI,FT,Data_Engineer,130000,USD,130000,US,M
2023,MI,FT,Machine_Learning_Engineer,110000,USD,110000,US,L
2023,MI,FT,Data_Analyst,130000,USD,130000,US,M
2023,MI,FT,Data_Analyst,100000,USD,100000,US,M
2023,MI,FT,Data_Analyst,150000,USD,150000,US,M
2023,MI,FT,Data_Analyst,100000,USD,100000,US,M
2023,MI,FT,Machine_Learning_Engineer,180000,USD,180000,US,M
2023,MI,FT,Machine_Learning_Engineer,150000,USD,150000,US,M
2023,MI,FT,Data_Analyst,103200,USD,103200,US,M
2023,MI,FT,Data_Analyst,61200,USD,61200,US,M
2023,MI,FT,Head_of_Data_Science,5000000,INR,60795,IN,L
2023,MI,FT,Data_Science_Manager,220000,USD,220000,US,M
2023,MI,FT,Data_Science_Manager,195000,USD,195000,US,M
2023,MI,FT,Data_Analyst,206000,USD,206000,US,M
2023,MI,FT,Data_Analyst,160000,USD,160000,US,M
2023,MI,FT,Data_Analyst,109000,USD,109000,US,M
2023,MI,FT,Data_Analyst,79000,USD,79000,US,M
2023,MI,FT,Machine_Learning_Engineer,50000,USD,50000,AM,S
2023,MI,FT,Data_Engineer,120000,USD,120000,US,M
2023,MI,FT,Data_Engineer,95000,USD,95000,US,M
2023,MI,FT,Data_Engineer,250000,USD,250000,US,M
2023,MI,FT,Data_Engineer,175000,USD,175000,US,M
2023,MI,FT,Data_Analyst,80000,USD,80000,US,M
2023,MI,FT,Data_Analyst,52500,USD,52500,US,M
2023,MI,FT,Data_Analyst,90000,USD,90000,US,M
2023,MI,FT,Data_Analyst,80000,USD,80000,US,M
2023,MI,FT,Data_Analyst,150000,USD,150000,US,M
2023,MI,FT,Data_Analyst,100000,USD,100000,US,M
2023,MI,FT,Data_Engineer,150000,USD,150000,US,M
2023,MI,FT,Data_Engineer,130000,USD,130000,US,M
2023,MI,FT,Applied_Data_Scientist,80000,USD,80000,KE,S
2023,MI,FT,Data_Analytics_Lead,1440000,INR,17509,SG,M
2023,MI,FT,Data_Scientist,50000,EUR,53654,RO,L
2023,MI,FT,Data_Engineer,120000,USD,120000,US,M
2023,MI,FT,Data_Engineer,95000,USD,95000,US,M
2023,MI,FT,Data_Analyst,120000,USD,120000,US,M
2023,MI,FT,Data_Analyst,100000,USD,100000,US,M
2023,MI,FT,Data_Scientist,183310,USD,183310,US,M
2023,MI,FT,Data_Scientist,183310,USD,183310,US,M
2023,MI,FT,Data_Scientist,840000,THB,24740,TH,L
2023,MI,FT,Data_Analyst,135000,USD,135000,US,M
2023,MI,FT,Data_Analyst,105500,USD,105500,US,M
2023,MI,FT,Data_Analyst,65000,GBP,78990,GB,M
2023,MI,FT,Data_Analyst,36050,GBP,43809,GB,M
2023,MI,FT,Data_Engineer,120000,USD,120000,US,M
2023,MI,FT,Data_Engineer,95000,USD,95000,US,M
2023,MI,FT,Machine_Learning_Engineer,145000,USD,145000,US,M
2023,MI,FT,Machine_Learning_Engineer,87000,USD,87000,US,M
2023,MI,FT,Data_Engineer,95000,USD,95000,ES,M
2023,MI,FT,Data_Engineer,80000,USD,80000,ES,M
2023,MI,FT,Data_Analyst,116000,USD,116000,US,M
2023,MI,FT,Data_Analyst,72000,USD,72000,US,M
2023,MI,FT,Data_Engineer,105000,USD,105000,US,M
2023,MI,FT,Data_Engineer,70000,USD,70000,US,M
2023,MI,FT,Data_Analyst,120000,USD,120000,US,M
2023,MI,FT,Data_Analyst,80000,USD,80000,US,M
2023,MI,FT,Machine_Learning_Engineer,219000,USD,219000,US,L
2023,MI,FT,Data_Analyst,150000,USD,150000,US,M
2023,MI,FT,Data_Analyst,100000,USD,100000,US,M
2023,MI,FT,Machine_Learning_Engineer,175000,USD,175000,US,M
2023,MI,FT,Machine_Learning_Engineer,140000,USD,140000,US,M
2023,MI,FT,Data_Scientist,187500,USD,187500,US,M
2023,MI,FT,Data_Scientist,165000,USD,165000,US,M
2023,MI,FT,Machine_Learning_Research_Engineer,60000,GBP,72914,GB,L
2023,MI,FT,Machine_Learning_Engineer,89700,GBP,109006,GB,M
2023,MI,FT,Machine_Learning_Engineer,55250,GBP,67141,GB,M
2023,MI,FT,Research_Engineer,120000,USD,120000,US,M
2023,MI,FT,Research_Engineer,100000,USD,100000,US,M
2023,MI,FT,Data_Engineer,120000,USD,120000,US,M
2023,MI,FT,Data_Engineer,100000,USD,100000,US,M
2023,MI,FT,Data_Scientist,120000,USD,120000,US,M
2023,MI,FT,Data_Scientist,105000,USD,105000,US,M
2023,MI,FT,Machine_Learning_Engineer,62000,GBP,75344,GB,M
2023,MI,FT,Machine_Learning_Engineer,52000,GBP,63192,GB,M
2023,MI,FT,Machine_Learning_Engineer,48000,GBP,58331,GB,M
2023,MI,FT,Machine_Learning_Engineer,38000,GBP,46178,GB,M
2023,MI,FT,Data_Analyst,150000,USD,150000,US,M
2023,MI,FT,Data_Analyst,100000,USD,100000,US,M
2023,MI,FT,Data_Scientist,130000,USD,130000,US,M
2023,MI,FT,Data_Scientist,90000,USD,90000,US,M
2023,SE,FT,Principal_Data_Scientist,80000,EUR,85847,ES,L
2023,SE,FT,Data_Scientist,175000,USD,175000,CA,M
2023,SE,FT,Data_Scientist,120000,USD,120000,CA,M
2023,SE,FT,Applied_Scientist,222200,USD,222200,US,L
2023,SE,FT,Applied_Scientist,136000,USD,136000,US,L
2023,SE,FT,Data_Scientist,219000,USD,219000,CA,M
2023,SE,FT,Data_Scientist,141000,USD,141000,CA,M
2023,SE,FT,Data_Scientist,147100,USD,147100,US,M
2023,SE,FT,Data_Scientist,90700,USD,90700,US,M
2023,SE,FT,Data_Analyst,130000,USD,130000,US,M
2023,SE,FT,Data_Analyst,100000,USD,100000,US,M
2023,SE,FT,Data_Modeler,147100,USD,147100,US,M
2023,SE,FT,Data_Modeler,90700,USD,90700,US,M
2023,SE,FT,Data_Scientist,170000,USD,170000,US,M
2023,SE,FT,Data_Scientist,150000,USD,150000,US,M
2023,SE,FT,Research_Engineer,275000,USD,275000,DE,M
2023,SE,FT,Research_Engineer,174000,USD,174000,DE,M
2023,SE,FT,Analytics_Engineer,230000,USD,230000,GB,M
2023,SE,FT,Analytics_Engineer,143200,USD,143200,GB,M
2023,SE,FT,Business_Intelligence_Engineer,225000,USD,225000,US,M
2023,SE,FT,Business_Intelligence_Engineer,156400,USD,156400,US,M
2023,SE,FT,Machine_Learning_Engineer,200000,USD,200000,US,M
2023,SE,FT,Machine_Learning_Engineer,130000,USD,130000,US,M
2023,SE,FT,Data_Strategist,90000,USD,90000,CA,M
2023,SE,FT,Data_Strategist,72000,USD,72000,CA,M
2023,SE,FT,Data_Engineer,253200,USD,253200,US,M
2023,SE,FT,Data_Engineer,90700,USD,90700,US,M
2023,SE,FT,Computer_Vision_Engineer,342810,USD,342810,US,M
2023,SE,FT,Computer_Vision_Engineer,184590,USD,184590,US,M
2023,SE,FT,Data_Engineer,270703,USD,270703,US,M
2023,SE,FT,Data_Engineer,221484,USD,221484,US,M
2023,SE,FT,Data_Scientist,212750,USD,212750,US,M
2023,SE,FT,Data_Scientist,185000,USD,185000,US,M
2023,SE,FT,Data_Scientist,262000,USD,262000,US,M
2023,SE,FT,Data_Scientist,245000,USD,245000,US,M
2023,SE,FT,Data_Scientist,275300,USD,275300,US,M
2023,SE,FT,Data_Scientist,183500,USD,183500,US,M
2023,SE,FT,Data_Scientist,218500,USD,218500,US,M
2023,SE,FT,Data_Scientist,199098,USD,199098,US,M
2023,SE,FT,Data_Engineer,203300,USD,203300,US,M
2023,SE,FT,Data_Engineer,123600,USD,123600,US,M
2023,SE,FT,Research_Engineer,189110,USD,189110,US,M
2023,SE,FT,Research_Engineer,139000,USD,139000,US,M
2023,SE,FT,Data_Engineer,231500,USD,231500,US,M
2023,SE,FT,Data_Engineer,166000,USD,166000,US,M
2023,SE,FT,Data_Scientist,172500,USD,172500,US,M
2023,SE,FT,Data_Scientist,110500,USD,110500,US,M
2023,SE,FT,Data_Engineer,238000,USD,238000,US,M
2023,SE,FT,Data_Engineer,176000,USD,176000,US,M
2023,SE,FT,Data_Engineer,237000,USD,237000,US,M
2023,SE,FT,Data_Engineer,201450,USD,201450,US,M
2023,SE,FT,Applied_Scientist,309400,USD,309400,US,L
2023,SE,FT,Applied_Scientist,159100,USD,159100,US,L
2023,SE,FT,Data_Engineer,115000,USD,115000,US,M
2023,SE,FT,Data_Engineer,81500,USD,81500,US,M
2023,SE,FT,Data_Scientist,237000,USD,237000,US,M
2023,SE,FT,Data_Scientist,201450,USD,201450,US,M
2023,SE,FT,Computer_Vision_Engineer,280000,USD,280000,US,M
2023,SE,FT,Computer_Vision_Engineer,210000,USD,210000,US,M
2023,SE,FT,Data_Architect,280100,USD,280100,US,M
2023,SE,FT,Data_Architect,168100,USD,168100,US,M
2023,SE,FT,Data_Engineer,193500,USD,193500,US,M
2023,SE,FT,Data_Engineer,139000,USD,139000,US,M
2023,SE,FT,Machine_Learning_Engineer,150000,USD,150000,US,M
2023,SE,FT,Business_Intelligence_Engineer,185900,USD,185900,US,M
2023,SE,FT,Business_Intelligence_Engineer,129300,USD,129300,US,M
2023,SE,FT,Data_Engineer,225000,USD,225000,US,M
2023,SE,FT,Data_Engineer,175000,USD,175000,US,M
2023,SE,FT,Data_Engineer,185000,USD,185000,US,M
2023,SE,FT,Data_Engineer,140000,USD,140000,US,M
2023,SE,FT,Data_Scientist,45000,EUR,48289,ES,M
2023,SE,FT,Data_Scientist,36000,EUR,38631,ES,M
2023,SE,FT,Data_Scientist,105000,USD,105000,US,M
2023,SE,FT,Data_Scientist,70000,USD,70000,US,M
2023,SE,FT,Data_Engineer,217000,USD,217000,US,M
2023,SE,FT,Data_Engineer,185000,USD,185000,US,M
2023,SE,FT,Data_Analyst,202800,USD,202800,US,L
2023,SE,FT,Data_Analyst,104300,USD,104300,US,L
2023,SE,FT,Data_Analyst,145000,USD,145000,US,M
2023,SE,FT,Data_Analyst,65000,USD,65000,US,M
2023,SE,FT,Data_Engineer,165000,USD,165000,US,M
2023,SE,FT,Data_Engineer,132300,USD,132300,US,M
2023,SE,FT,Data_Engineer,179170,USD,179170,US,M
2023,SE,FT,Data_Engineer,94300,USD,94300,US,M
2023,SE,FT,Analytics_Engineer,152500,USD,152500,US,M
2023,SE,FT,Analytics_Engineer,116450,USD,116450,US,M
2023,SE,FT,Data_Engineer,247300,USD,247300,US,M
2023,SE,FT,Data_Engineer,133800,USD,133800,US,M
2023,SE,FT,Research_Engineer,203000,USD,203000,US,M
2023,SE,FT,Research_Engineer,133000,USD,133000,US,M
2023,SE,FT,Data_Scientist,150000,USD,150000,US,M
2023,SE,FT,Data_Scientist,120000,USD,120000,US,M
2023,SE,FT,Analytics_Engineer,289800,USD,289800,US,M
2023,SE,FT,Analytics_Engineer,214000,USD,214000,US,M
2023,SE,FT,Analytics_Engineer,179820,USD,179820,US,M
2023,SE,FT,Analytics_Engineer,143860,USD,143860,US,M
2023,SE,FT,Machine_Learning_Engineer,283200,USD,283200,US,M
2023,SE,FT,Machine_Learning_Engineer,188800,USD,188800,US,M
2023,SE,FT,Analytics_Engineer,289800,USD,289800,US,M
2023,SE,FT,Analytics_Engineer,214200,USD,214200,US,M
2023,SE,FT,Data_Engineer,185900,USD,185900,US,M
2023,SE,FT,Data_Engineer,129300,USD,129300,US,M
2023,SE,FT,Data_Engineer,252000,USD,252000,US,M
2023,SE,FT,Data_Engineer,129000,USD,129000,US,M
2023,SE,FT,Data_Engineer,161800,USD,161800,US,M
2023,SE,FT,Data_Engineer,141600,USD,141600,US,M
2023,SE,FT,Machine_Learning_Engineer,342300,USD,342300,US,L
2023,SE,FT,Machine_Learning_Engineer,176100,USD,176100,US,L
2023,SE,FT,Data_Scientist,138784,USD,138784,US,M
2023,SE,FT,Data_Scientist,83270,USD,83270,US,M
2023,SE,FT,Data_Analyst,204500,USD,204500,US,M
2023,SE,FT,Data_Analyst,138900,USD,138900,US,M
2023,SE,FT,Machine_Learning_Engineer,318300,USD,318300,US,M
2023,SE,FT,Machine_Learning_Engineer,212200,USD,212200,US,M
2023,SE,FT,Data_Engineer,95000,USD,95000,US,M
2023,SE,FT,Data_Engineer,75000,USD,75000,US,M
2023,SE,FT,Data_Scientist,195000,USD,195000,US,M
2023,SE,FT,Data_Scientist,160000,USD,160000,US,M
2023,SE,FT,Analytics_Engineer,230000,USD,230000,US,M
2023,SE,FT,Analytics_Engineer,143200,USD,143200,US,M
2023,SE,FT,Data_Engineer,145000,USD,145000,US,M
2023,SE,FT,Data_Engineer,115000,USD,115000,US,M
2023,SE,FT,Data_Analyst,168400,USD,168400,US,M
2023,SE,FT,Data_Analyst,105200,USD,105200,US,M
2023,SE,FT,Applied_Scientist,309400,USD,309400,US,L
2023,SE,FT,Applied_Scientist,159100,USD,159100,US,L
2023,SE,FT,Machine_Learning_Engineer,190000,USD,190000,US,M
2023,SE,FT,Machine_Learning_Engineer,150000,USD,150000,US,M
2023,SE,FT,Analytics_Engineer,150000,USD,150000,US,M
2023,SE,FT,Analytics_Engineer,120000,USD,120000,US,M
2023,SE,FT,Data_Engineer,145000,USD,145000,US,M
2023,SE,FT,Data_Engineer,120000,USD,120000,US,M
2023,SE,FT,Applied_Scientist,222200,USD,222200,US,L
2023,SE,FT,Applied_Scientist,136000,USD,136000,US,L
2023,SE,FT,Data_Analyst,45000,GBP,54685,CF,M
2023,SE,FT,Data_Analyst,35000,GBP,42533,CF,M
2023,SE,FT,Data_Engineer,241000,USD,241000,US,M
2023,SE,FT,Data_Engineer,155000,USD,155000,US,M
2023,SE,FT,Data_Engineer,220000,USD,220000,US,M
2023,SE,FT,Data_Engineer,190000,USD,190000,US,M
2023,SE,FT,Data_Engineer,160000,USD,160000,US,M
2023,SE,FT,Data_Engineer,140000,USD,140000,US,M
2023,SE,FT,Data_Scientist,228000,USD,228000,US,M
2023,SE,FT,Data_Scientist,186000,USD,186000,US,M
2023,SE,FT,Data_Scientist,190000,USD,190000,US,M
2023,SE,FT,Data_Scientist,170000,USD,170000,US,M
2023,SE,FT,Data_Architect,180000,USD,180000,US,M
2023,SE,FT,Data_Architect,115000,USD,115000,US,M
2023,SE,FT,Data_Architect,200000,USD,200000,US,M
2023,SE,FT,Data_Architect,115000,USD,115000,US,M
2023,SE,FT,Data_DevOps_Engineer,50000,EUR,53654,FR,S
2023,SE,FT,Data_Engineer,200000,USD,200000,US,M
2023,SE,FT,Data_Engineer,150000,USD,150000,US,M
2023,SE,FT,Computer_Vision_Engineer,215000,USD,215000,US,M
2023,SE,FT,Computer_Vision_Engineer,170000,USD,170000,US,M
2023,SE,FT,Machine_Learning_Engineer,247500,USD,247500,US,M
2023,SE,FT,Machine_Learning_Engineer,172200,USD,172200,US,M
2023,SE,FT,Data_Scientist,224000,USD,224000,CA,M
2023,SE,FT,Data_Scientist,176000,USD,176000,CA,M
2023,SE,FT,Data_Analyst,120000,USD,120000,US,M
2023,SE,FT,Data_Analyst,75000,USD,75000,US,M
2023,SE,FT,Applied_Data_Scientist,100000,AUD,68318,FI,M
2023,SE,FT,Data_Analyst,140000,USD,140000,US,M
2023,SE,FT,Data_Analyst,120000,USD,120000,US,M
2023,SE,FT,Data_Engineer,128000,USD,128000,US,M
2023,SE,FT,Data_Engineer,81500,USD,81500,US,M
2023,SE,FT,Data_Engineer,145000,USD,145000,US,M
2023,SE,FT,Data_Engineer,115000,USD,115000,US,M
2023,SE,FT,Data_Engineer,185000,USD,185000,US,M
2023,SE,FT,Data_Engineer,140000,USD,140000,US,M
2023,SE,FT,Data_Quality_Analyst,100000,USD,100000,US,M
2023,SE,FT,Data_Quality_Analyst,80000,USD,80000,US,M
2023,SE,FT,Data_Scientist,250000,USD,250000,US,M
2023,SE,FT,Data_Scientist,162500,USD,162500,US,M
2023,SE,FT,Data_Engineer,145000,USD,145000,US,M
2023,SE,FT,Data_Engineer,100000,USD,100000,US,M
2023,SE,FT,Data_Scientist,203500,USD,203500,US,M
2023,SE,FT,Data_Scientist,152000,USD,152000,US,M
2023,SE,FT,Data_Scientist,239000,USD,239000,US,L
2023,SE,FT,Data_Scientist,122900,USD,122900,US,L
2023,SE,FT,Data_Scientist,237000,USD,237000,US,M
2023,SE,FT,Data_Scientist,145000,USD,145000,US,M
2023,SE,FT,Data_Science_Manager,191765,USD,191765,US,M
2023,SE,FT,Data_Science_Manager,134236,USD,134236,US,M
2023,SE,FT,Analytics_Engineer,190000,USD,190000,US,M
2023,SE,FT,Analytics_Engineer,112000,USD,112000,US,M
2023,SE,FT,Data_Analyst,135000,USD,135000,US,M
2023,SE,FT,Data_Analyst,105500,USD,105500,US,M
2023,SE,FT,Research_Engineer,293000,USD,293000,US,M
2023,SE,FT,Research_Engineer,185000,USD,185000,US,M
2023,SE,FT,Data_Analyst,80000,USD,80000,US,M
2023,SE,FT,Data_Analyst,70000,USD,70000,US,M
2023,SE,FT,Data_Engineer,220000,USD,220000,US,M
2023,SE,FT,Data_Engineer,160000,USD,160000,US,M
2023,SE,FT,Data_Scientist,175000,USD,175000,US,M
2023,SE,FT,Data_Scientist,145000,USD,145000,US,M
2023,SE,FT,Data_Analyst,200000,USD,200000,US,M
2023,SE,FT,Data_Analyst,148500,USD,148500,US,M
2023,SE,FT,Data_Scientist,45000,EUR,48289,ES,M
2023,SE,FT,Data_Scientist,36000,EUR,38631,ES,M
2023,SE,FT,Data_Engineer,240500,USD,240500,US,L
2023,SE,FT,Data_Engineer,123700,USD,123700,US,L
2023,SE,FT,Analytics_Engineer,152900,USD,152900,US,M
2023,SE,FT,Analytics_Engineer,117100,USD,117100,US,M
2023,SE,FT,Analytics_Engineer,173000,USD,173000,US,M
2023,SE,FT,Analytics_Engineer,113000,USD,113000,US,M
2023,SE,FT,Applied_Scientist,260000,USD,260000,US,L
2023,SE,FT,Applied_Scientist,136000,USD,136000,US,L
2023,SE,FT,Applied_Scientist,260000,USD,260000,US,L
2023,SE,FT,Applied_Scientist,136000,USD,136000,US,L
2023,SE,FT,Research_Scientist,130000,USD,130000,US,M
2023,SE,FT,Research_Scientist,110000,USD,110000,US,M
2023,SE,FT,Applied_Scientist,205000,USD,205000,US,M
2023,SE,FT,Applied_Scientist,184000,USD,184000,US,M
2023,SE,FT,Data_Analyst,149500,USD,149500,US,M
2023,SE,FT,Data_Analyst,127075,USD,127075,US,M
2023,SE,FT,Data_Scientist,195000,USD,195000,US,M
2023,SE,FT,Data_Scientist,160000,USD,160000,US,M
2023,SE,FT,Data_Engineer,219535,USD,219535,US,M
2023,SE,FT,Data_Engineer,146115,USD,146115,US,M
2023,SE,FT,Data_Scientist,170000,USD,170000,US,M
2023,SE,FT,Data_Scientist,135000,USD,135000,US,M
2023,SE,FT,Data_Scientist,175000,USD,175000,US,M
2023,SE,FT,Data_Scientist,145000,USD,145000,US,M
2023,SE,FT,Data_Scientist,199000,USD,199000,US,M
2023,SE,FT,Data_Scientist,162000,USD,162000,US,M
2023,SE,FT,Applied_Scientist,222200,USD,222200,US,L
2023,SE,FT,Applied_Scientist,136000,USD,136000,US,L
2023,SE,FT,Data_Analyst,187000,USD,187000,US,M
2023,SE,FT,Data_Analyst,128000,USD,128000,US,M
2023,SE,FT,Research_Scientist,210000,USD,210000,US,M
2023,SE,FT,Research_Scientist,136000,USD,136000,US,M
2023,SE,FT,Data_Scientist,175000,USD,175000,US,M
2023,SE,FT,Data_Scientist,100000,USD,100000,US,M
2023,SE,FT,Data_Engineer,179000,USD,179000,US,M
2023,SE,FT,Data_Engineer,109000,USD,109000,US,M
2023,SE,FT,Data_Scientist,245000,USD,245000,US,M
2023,SE,FT,Data_Scientist,180000,USD,180000,US,M
2023,SE,FT,Data_Analyst,142000,USD,142000,US,M
2023,SE,FT,Data_Analyst,75000,USD,75000,US,M
2023,SE,FT,Data_Manager,198800,USD,198800,US,M
2023,SE,FT,Data_Manager,105200,USD,105200,US,M
2023,SE,FT,Data_Analyst,125000,USD,125000,US,M
2023,SE,FT,Data_Analyst,112000,USD,112000,US,M
2023,SE,FT,Data_Scientist,210000,USD,210000,US,M
2023,SE,FT,Data_Scientist,155000,USD,155000,US,M
2023,SE,FT,Data_Manager,115000,USD,115000,US,M
2023,SE,FT,Data_Manager,86000,USD,86000,US,M
2023,SE,FT,Data_Scientist,165000,USD,165000,US,M
2023,SE,FT,Data_Scientist,140000,USD,140000,US,M
2023,SE,FT,Data_Analyst,139000,USD,139000,US,M
2023,SE,FT,Data_Analyst,106000,USD,106000,US,M
2023,SE,FL,Machine_Learning_Researcher,50000,USD,50000,UA,S
2023,SE,FT,Data_Architect,250500,USD,250500,US,M
2023,SE,FT,Data_Architect,159500,USD,159500,US,M
2023,SE,FT,Data_Engineer,145000,USD,145000,US,M
2023,SE,FT,Data_Engineer,115000,USD,115000,US,M
2023,SE,FT,Data_Analyst,140000,USD,140000,US,M
2023,SE,FT,Data_Analyst,120000,USD,120000,US,M
2023,SE,FT,Data_Analyst,175000,USD,175000,CA,M
2023,SE,FT,Data_Analyst,135000,USD,135000,CA,M
2023,SE,FT,Machine_Learning_Engineer,257000,USD,257000,US,M
2023,SE,FT,Machine_Learning_Engineer,147000,USD,147000,US,M
2023,SE,FT,Data_Engineer,222000,USD,222000,US,M
2023,SE,FT,Data_Engineer,175000,USD,175000,US,M
2023,SE,FT,Data_Scientist,203000,USD,203000,US,M
2023,SE,FT,Data_Scientist,133200,USD,133200,US,M
2023,SE,FT,Data_Engineer,221000,USD,221000,US,M
2023,SE,FT,Data_Engineer,147000,USD,147000,US,M
2023,SE,FT,Data_Quality_Analyst,100000,USD,100000,US,M
2023,SE,FT,Data_Quality_Analyst,80000,USD,80000,US,M
2023,SE,FT,Data_Scientist,185900,USD,185900,US,M
2023,SE,FT,Data_Scientist,129300,USD,129300,US,M
2023,SE,FT,Data_Scientist,238000,USD,238000,US,M
2023,SE,FT,Data_Scientist,156000,USD,156000,US,M
2023,SE,FT,Machine_Learning_Engineer,304000,USD,304000,US,M
2023,SE,FT,Machine_Learning_Engineer,199000,USD,199000,US,M
2023,SE,FT,Data_Engineer,150000,USD,150000,US,M
2023,SE,FT,Data_Engineer,130000,USD,130000,US,M
2023,SE,FT,Data_Scientist,140000,USD,140000,US,M
2023,SE,FT,Data_Scientist,110000,USD,110000,US,M
2023,SE,FT,Data_Engineer,240000,USD,240000,US,M
2023,SE,FT,Data_Engineer,183600,USD,183600,US,M
2023,SE,FT,Data_Engineer,250000,USD,250000,US,M
2023,SE,FT,Data_Engineer,150000,USD,150000,US,M
2023,SE,FT,Data_Analytics_Manager,160000,USD,160000,US,M
2023,SE,FT,Data_Analytics_Manager,120000,USD,120000,US,M
2023,SE,FT,Machine_Learning_Engineer,289076,USD,289076,US,M
2023,SE,FT,Machine_Learning_Engineer,202353,USD,202353,US,M
2023,SE,FT,Data_Engineer,145000,USD,145000,US,M
2023,SE,FT,Data_Engineer,120000,USD,120000,US,M
2023,SE,FT,Data_Analyst,155000,USD,155000,US,M
2023,SE,FT,Data_Analyst,106000,USD,106000,US,M
2023,SE,FT,Data_Engineer,200000,USD,200000,US,M
2023,SE,FT,Data_Engineer,160000,USD,160000,US,M
2023,SE,FT,Data_Scientist,157750,USD,157750,US,M
2023,SE,FT,Data_Scientist,104650,USD,104650,US,M
2023,SE,FT,Data_Scientist,45000,EUR,48289,ES,M
2023,SE,FT,Data_Scientist,36000,EUR,38631,ES,M
2023,SE,FT,Data_Analyst,105000,USD,105000,US,M
2023,SE,FT,Data_Analyst,90000,USD,90000,US,M
2023,SE,FT,Analytics_Engineer,179820,USD,179820,US,M
2023,SE,FT,Analytics_Engineer,143860,USD,143860,US,M
2023,SE,FT,Data_Analyst,135000,USD,135000,US,M
2023,SE,FT,Data_Analyst,105500,USD,105500,US,M
2023,SE,FT,Machine_Learning_Engineer,241000,USD,241000,US,M
2023,SE,FT,Machine_Learning_Engineer,181000,USD,181000,US,M
2023,SE,FT,Data_Scientist,252000,USD,252000,US,M
2023,SE,FT,Data_Scientist,154000,USD,154000,US,M
2023,SE,FT,Data_Scientist,191765,USD,191765,US,M
2023,SE,FT,Data_Scientist,134236,USD,134236,US,M
2023,SE,FT,Data_Scientist,175000,USD,175000,US,M
2023,SE,FT,Data_Scientist,145000,USD,145000,US,M
2023,SE,FT,Data_Scientist,237000,USD,237000,US,M
2023,SE,FT,Data_Scientist,145000,USD,145000,US,M
2023,SE,FT,Data_Analyst,80000,USD,80000,US,M
2023,SE,FT,Data_Analyst,70000,USD,70000,US,M
2023,SE,FT,Data_Engineer,146000,USD,146000,US,M
2023,SE,FT,Data_Engineer,75000,USD,75000,US,M
2023,SE,FT,Machine_Learning_Engineer,170000,USD,170000,US,M
2023,SE,FT,Machine_Learning_Engineer,130000,USD,130000,US,M
2023,SE,FT,Data_Analyst,208450,USD,208450,US,M
2023,SE,FT,Data_Analyst,170550,USD,170550,US,M
2023,SE,FT,Machine_Learning_Engineer,125000,USD,125000,US,M
2023,SE,FT,Machine_Learning_Engineer,100000,USD,100000,US,M
2023,SE,FT,Data_Scientist,200000,USD,200000,US,M
2023,SE,FT,Data_Scientist,170000,USD,170000,US,M
2023,SE,FT,Data_Scientist,171250,USD,171250,IE,M
2023,SE,FT,Data_Scientist,113750,USD,113750,IE,M
2023,SE,FT,Applied_Scientist,222200,USD,222200,US,L
2023,SE,FT,Applied_Scientist,136000,USD,136000,US,L
2023,SE,FT,Applied_Scientist,260000,USD,260000,US,L
2023,SE,FT,Applied_Scientist,136000,USD,136000,US,L
2023,SE,FT,Data_Analyst,153600,USD,153600,US,M
2023,SE,FT,Data_Analyst,100500,USD,100500,US,M
2023,SE,FT,Applied_Scientist,205000,USD,205000,US,M
2023,SE,FT,Applied_Scientist,184000,USD,184000,US,M
2023,SE,FT,Machine_Learning_Engineer,115000,USD,115000,CA,M
2023,SE,FT,Machine_Learning_Engineer,95000,USD,95000,CA,M
2023,SE,FT,Data_Engineer,203100,USD,203100,US,M
2023,SE,FT,Data_Engineer,114500,USD,114500,US,M
2023,SE,FT,Data_Engineer,252000,USD,252000,US,M
2023,SE,FT,Data_Engineer,129000,USD,129000,US,M
2023,SE,FT,Data_Engineer,160000,USD,160000,US,M
2023,SE,FT,Data_Engineer,130000,USD,130000,US,M
2023,SE,FT,Data_Scientist,258000,USD,258000,CA,M
2023,SE,FT,Data_Scientist,190000,USD,190000,CA,M
2023,SE,FT,Data_Scientist,170000,USD,170000,US,M
2023,SE,FT,Data_Scientist,135000,USD,135000,US,M
2023,SE,FT,Data_Scientist,195000,USD,195000,US,M
2023,SE,FT,Data_Scientist,160000,USD,160000,US,M
2023,SE,FT,Data_Analyst,100000,USD,100000,US,M
2023,SE,FT,Data_Analyst,80000,USD,80000,US,M
2023,SE,FT,Data_Engineer,223250,USD,223250,US,M
2023,SE,FT,Data_Engineer,178600,USD,178600,US,M
2023,SE,FT,Data_Scientist,297300,USD,297300,US,M
2023,SE,FT,Data_Scientist,198200,USD,198200,US,M
2023,SE,FT,Data_Scientist,200000,USD,200000,US,M
2023,SE,FT,Data_Scientist,170000,USD,170000,US,M
2023,SE,FT,Data_Scientist,317070,USD,317070,US,M
2023,SE,FT,Data_Scientist,170730,USD,170730,US,M
2023,SE,FT,Data_Engineer,128000,USD,128000,US,M
2023,SE,FT,Data_Engineer,81500,USD,81500,US,M
2023,SE,FT,AI_Developer,108000,USD,108000,UA,M
2023,SE,FT,AI_Developer,60000,USD,60000,UA,M
2023,SE,FT,Data_Engineer,171250,USD,171250,US,M
2023,SE,FT,Data_Engineer,113750,USD,113750,US,M
2023,SE,FT,Data_Engineer,165000,USD,165000,US,M
2023,SE,FT,Data_Engineer,132300,USD,132300,US,M
2023,SE,FT,Data_Scientist,225000,USD,225000,US,M
2023,SE,FT,Data_Scientist,175000,USD,175000,US,M
2023,SE,FT,Data_Engineer,230000,USD,230000,US,M
2023,SE,FT,Data_Engineer,124500,USD,124500,US,M
2023,SE,FT,Machine_Learning_Engineer,247500,USD,247500,US,M
2023,SE,FT,Machine_Learning_Engineer,172200,USD,172200,US,M
2023,SE,FT,Data_Analyst,175000,USD,175000,US,M
2023,SE,FT,Data_Analyst,145000,USD,145000,US,M
2023,SE,FT,Data_Analyst,148700,USD,148700,US,M
2023,SE,FT,Data_Analyst,125600,USD,125600,US,M
2023,SE,FT,Data_Engineer,145000,USD,145000,US,M
2023,SE,FT,Data_Engineer,115000,USD,115000,US,M
2023,SE,FT,Research_Scientist,200000,USD,200000,US,M
2023,SE,FT,Research_Scientist,150000,USD,150000,US,M
2023,SE,FT,Data_Analyst,185000,USD,185000,US,M
2023,SE,FT,Data_Analyst,120250,USD,120250,US,M
2023,SE,FT,Data_Scientist,275300,USD,275300,US,M
2023,SE,FT,Data_Scientist,183000,USD,183000,US,M
2023,SE,FT,Data_Architect,170000,USD,170000,US,M
2023,SE,FT,Data_Architect,125000,USD,125000,US,M
2023,SE,FT,Research_Scientist,250000,USD,250000,US,M
2023,SE,FT,Research_Scientist,200000,USD,200000,US,M
2023,SE,FT,AI_Scientist,1500000,ILS,423834,IL,L
2023,SE,FT,Machine_Learning_Engineer,216000,USD,216000,US,M
2023,SE,FT,Machine_Learning_Engineer,184000,USD,184000,US,M
2023,SE,FT,Data_Engineer,180000,USD,180000,US,M
2023,SE,FT,Data_Engineer,165000,USD,165000,US,M
2023,SE,FT,Data_Scientist,185900,USD,185900,US,M
2023,SE,FT,Data_Scientist,129300,USD,129300,US,M
2023,SE,FT,Data_Engineer,145000,USD,145000,US,M
2023,SE,FT,Data_Engineer,120000,USD,120000,US,M
2023,SE,FT,Data_Scientist,173000,USD,173000,US,M
2023,SE,FT,Data_Scientist,132000,USD,132000,US,M
2023,SE,FT,Data_Analyst,208049,USD,208049,US,M
2023,SE,FT,Data_Analyst,128500,USD,128500,US,M
2023,SE,FT,Analytics_Engineer,179820,USD,179820,US,M
2023,SE,FT,Analytics_Engineer,143860,USD,143860,US,M
2023,SE,FT,Data_Engineer,167500,USD,167500,US,M
2023,SE,FT,Data_Engineer,106500,USD,106500,US,M
2023,SE,FT,Data_Scientist,275300,USD,275300,US,M
2023,SE,FT,Data_Scientist,183500,USD,183500,US,M
2023,SE,FT,Data_Analyst,190000,USD,190000,US,M
2023,SE,FT,Data_Analyst,95000,USD,95000,US,M
2023,SE,FT,Data_Analyst,153600,USD,153600,US,M
2023,SE,FT,Data_Analyst,106800,USD,106800,US,M
2023,SE,FT,Data_Scientist,275300,USD,275300,US,M
2023,SE,FT,Data_Scientist,183500,USD,183500,US,M
2023,SE,FT,Machine_Learning_Scientist,220000,USD,220000,US,M
2023,SE,FT,Machine_Learning_Scientist,170000,USD,170000,US,M
2023,SE,FT,Data_Analyst,135000,USD,135000,US,M
2023,SE,FT,Data_Analyst,105500,USD,105500,US,M
2023,SE,FT,Data_Analyst,100000,USD,100000,US,M
2023,SE,FT,Data_Analyst,80000,USD,80000,US,M
2023,SE,FT,Data_Engineer,160000,USD,160000,CA,M
2023,SE,FT,Data_Engineer,145000,USD,145000,CA,M
2023,SE,FT,Data_Engineer,150000,USD,150000,US,M
2023,SE,FT,Data_Engineer,111000,USD,111000,US,M
2023,SE,FT,Data_Engineer,160000,USD,160000,US,M
2023,SE,FT,Data_Engineer,130000,USD,130000,US,M
2023,SE,FT,Data_Engineer,252000,USD,252000,US,M
2023,SE,FT,Data_Engineer,129000,USD,129000,US,M
2023,SE,FT,Data_Scientist,201036,USD,201036,US,M
2023,SE,FT,Data_Scientist,134024,USD,134024,US,M
2023,SE,FT,Data_Analyst,165000,USD,165000,US,M
2023,SE,FT,Data_Analyst,140000,USD,140000,US,M
2023,SE,FT,Data_Scientist,172000,USD,172000,US,M
2023,SE,FT,Data_Scientist,115000,USD,115000,US,M
2023,SE,FT,Data_Engineer,163800,USD,163800,US,M
2023,SE,FT,Data_Engineer,126000,USD,126000,US,M
2023,SE,FT,Data_Scientist,237000,USD,237000,US,M
2023,SE,FT,Data_Scientist,145000,USD,145000,US,M
2023,SE,FT,Data_Engineer,139500,USD,139500,US,M
2023,SE,FT,Data_Engineer,109400,USD,109400,US,M
2023,SE,FT,Data_Scientist,258000,USD,258000,CA,M
2023,SE,FT,Data_Scientist,190000,USD,190000,CA,M
2023,SE,FT,Data_Engineer,205600,USD,205600,US,L
2023,SE,FT,Data_Engineer,105700,USD,105700,US,L
2023,SE,FT,Data_Engineer,252000,USD,252000,US,M
2023,SE,FT,Data_Engineer,129000,USD,129000,US,M
2023,SE,FT,Data_Scientist,239748,USD,239748,US,M
2023,SE,FT,Data_Scientist,159832,USD,159832,US,M
2023,SE,FT,Data_Scientist,186300,USD,186300,US,M
2023,SE,FT,Data_Scientist,102500,USD,102500,US,M
2023,SE,FT,Data_Engineer,165000,USD,165000,US,M
2023,SE,FT,Data_Engineer,132300,USD,132300,US,M
2023,SE,FT,Data_Scientist,190000,USD,190000,US,M
2023,SE,FT,Data_Scientist,126000,USD,126000,US,M
2023,SE,FT,Data_Architect,149040,USD,149040,US,M
2023,SE,FT,Data_Architect,113900,USD,113900,US,M
2023,SE,FT,Data_Engineer,153600,USD,153600,US,M
2023,SE,FT,Data_Engineer,106800,USD,106800,US,M
2023,SE,FT,Data_Engineer,172600,USD,172600,US,M
2023,SE,FT,Data_Engineer,107900,USD,107900,US,M
2023,SE,FT,Data_Analyst,180180,USD,180180,US,M
2023,SE,FT,Data_Analyst,106020,USD,106020,US,M
2023,SE,FT,Data_Architect,376080,USD,376080,US,M
2023,SE,FT,Data_Architect,213120,USD,213120,US,M
2023,SE,FT,Data_Analyst,153600,USD,153600,US,M
2023,SE,FT,Data_Analyst,100500,USD,100500,US,M
2023,SE,FT,Data_Analyst,206500,USD,206500,US,M
2023,SE,FT,Data_Analyst,121600,USD,121600,US,M
2023,SE,FT,Data_Engineer,260000,USD,260000,US,M
2023,SE,FT,Data_Engineer,225000,USD,225000,US,M
2023,SE,FT,Cloud_Database_Engineer,170000,USD,170000,US,L
2023,SE,FT,Applied_Machine_Learning_Scientist,90000,USD,90000,US,L
2023,SE,FT,Data_Engineer,275000,USD,275000,US,M
2023,SE,FT,Data_Engineer,160000,USD,160000,US,M
2023,SE,FT,Data_Analyst,115934,USD,115934,US,M
2023,SE,FT,Data_Analyst,81666,USD,81666,US,M
2023,SE,FT,Data_Scientist,175000,USD,175000,US,M
2023,SE,FT,Data_Scientist,120000,USD,120000,US,M
2023,SE,FT,Machine_Learning_Engineer,150000,USD,150000,US,M
2023,SE,FT,Machine_Learning_Engineer,120000,USD,120000,US,M
2023,SE,FT,Research_Engineer,200000,USD,200000,US,M
2023,SE,FT,Research_Engineer,175000,USD,175000,US,M
2023,SE,FT,Data_Architect,138000,USD,138000,GB,M
2023,SE,FT,Data_Architect,92000,USD,92000,GB,M
2023,SE,FT,Data_Manager,65000,USD,65000,CO,M
2023,SE,FT,Data_Manager,48000,USD,48000,CO,M
2023,SE,FT,Data_Analyst,110000,USD,110000,US,M
2023,SE,FT,Data_Analyst,75000,USD,75000,US,M
2023,SE,FT,Analytics_Engineer,130000,USD,130000,US,M
2023,SE,FT,Analytics_Engineer,87000,USD,87000,US,M
2023,SE,FT,Data_Science_Manager,299500,USD,299500,US,M
2023,SE,FT,Data_Science_Manager,245100,USD,245100,US,M
2023,SE,FT,Data_Engineer,147100,USD,147100,US,M
2023,SE,FT,Data_Engineer,90700,USD,90700,US,M
2023,SE,FT,Data_Engineer,168400,USD,168400,US,M
2023,SE,FT,Data_Engineer,105200,USD,105200,US,M
2023,SE,FT,Data_Scientist,210000,USD,210000,US,M
2023,SE,FT,Data_Scientist,160000,USD,160000,US,M
2023,SE,FT,Applied_Scientist,222200,USD,222200,US,L
2023,SE,FT,Applied_Scientist,136000,USD,136000,US,L
2023,SE,FT,Data_Analyst,185000,USD,185000,US,M
2023,SE,FT,Data_Analyst,120250,USD,120250,US,M
2023,SE,FT,Data_Scientist,205000,USD,205000,US,M
2023,SE,FT,Data_Scientist,140000,USD,140000,US,M
2023,SE,FT,Data_Scientist,297300,USD,297300,US,M
2023,SE,FT,Data_Scientist,198200,USD,198200,US,M
2023,SE,FT,Research_Scientist,141288,USD,141288,US,M
2023,SE,FT,Research_Scientist,94192,USD,94192,US,M
2023,SE,FT,Data_Infrastructure_Engineer,184000,USD,184000,US,M
2023,SE,FT,Data_Infrastructure_Engineer,143000,USD,143000,US,M
2023,SE,FT,Data_Analyst,70000,USD,70000,US,M
2023,SE,FT,Data_Analyst,55000,USD,55000,US,M
2023,SE,FT,Analytics_Engineer,275300,USD,275300,US,M
2023,SE,FT,Analytics_Engineer,183500,USD,183500,US,M
2023,SE,FT,Data_Architect,149040,USD,149040,US,M
2023,SE,FT,Data_Architect,113900,USD,113900,US,M
2023,SE,FT,Data_Analyst,180180,USD,180180,US,M
2023,SE,FT,Data_Analyst,106020,USD,106020,US,M
2023,SE,FT,Data_Engineer,139500,USD,139500,US,M
2023,SE,FT,Data_Engineer,109400,USD,109400,US,M
2023,SE,FT,Data_Scientist,105000,USD,105000,US,M
2023,SE,FT,Data_Scientist,70000,USD,70000,US,M
2023,SE,FT,Data_Engineer,146000,USD,146000,US,M
2023,SE,FT,Data_Engineer,75000,USD,75000,US,M
2023,SE,FT,Data_Engineer,160000,USD,160000,US,M
2023,SE,FT,Data_Engineer,130000,USD,130000,US,M
2023,SE,FT,Data_Analyst,169000,USD,169000,US,M
2023,SE,FT,Data_Analyst,110600,USD,110600,US,M
2023,SE,FT,Data_Operations_Engineer,193000,USD,193000,US,M
2023,SE,FT,Data_Operations_Engineer,136850,USD,136850,US,M
2023,SE,FT,Machine_Learning_Engineer,139500,USD,139500,US,M
2023,SE,FT,Machine_Learning_Engineer,109400,USD,109400,US,M
2023,SE,FT,Data_Engineer,276000,USD,276000,US,M
2023,SE,FT,Data_Engineer,178500,USD,178500,US,M
2023,SE,FT,Machine_Learning_Engineer,161000,GBP,195652,GB,M
2023,SE,FT,Machine_Learning_Engineer,83300,GBP,101228,GB,M
2023,SE,FT,Data_Engineer,112700,GBP,136956,GB,M
2023,SE,FT,Data_Engineer,83300,GBP,101228,GB,M
2023,SE,FT,Data_Engineer,252000,USD,252000,US,M
2023,SE,FT,Data_Engineer,129000,USD,129000,US,M
2023,SE,FT,Data_Engineer,163800,USD,163800,US,M
2023,SE,FT,Data_Engineer,126000,USD,126000,US,M
2023,SE,FT,ML_Engineer,260000,USD,260000,CA,M
2023,SE,FT,ML_Engineer,110000,USD,110000,CA,M
2023,SE,FT,Analytics_Engineer,170000,USD,170000,US,M
2023,SE,FT,Analytics_Engineer,130000,USD,130000,US,M
2023,SE,FT,Machine_Learning_Engineer,247500,USD,247500,US,M
2023,SE,FT,Machine_Learning_Engineer,172200,USD,172200,US,M
2023,SE,FT,Data_Scientist,239748,USD,239748,US,M
2023,SE,FT,Data_Scientist,159832,USD,159832,US,M
2023,SE,FT,Machine_Learning_Engineer,163800,USD,163800,US,M
2023,SE,FT,Machine_Learning_Engineer,126000,USD,126000,US,M
2023,SE,FT,Data_Engineer,252000,USD,252000,US,M
2023,SE,FT,Data_Engineer,129000,USD,129000,US,M
2023,SE,FT,Data_Science_Manager,299500,USD,299500,US,M
2023,SE,FT,Data_Science_Manager,245100,USD,245100,US,M
2023,SE,FT,Data_Architect,188500,USD,188500,US,M
2023,SE,FT,Data_Architect,117000,USD,117000,US,M
2023,SE,FT,Data_Analyst,250000,USD,250000,US,M
2023,SE,FT,Data_Analyst,138000,USD,138000,US,M
2023,SE,FT,Deep_Learning_Researcher,115000,EUR,123405,DE,L
2023,SE,FT,Data_Engineer,140000,USD,140000,US,M
2023,SE,FT,Data_Engineer,120000,USD,120000,US,M
2023,SE,FT,BI_Analyst,160000,USD,160000,US,M
2023,SE,FT,BI_Analyst,135000,USD,135000,US,M
2023,SE,FT,Data_Engineer,153600,USD,153600,US,M
2023,SE,FT,Data_Engineer,106800,USD,106800,US,M
2023,SE,FT,Data_Analyst,127000,USD,127000,US,M
2023,SE,FT,Data_Analyst,94000,USD,94000,US,M
2023,SE,FT,Data_Scientist,210550,USD,210550,US,M
2023,SE,FT,Data_Scientist,153300,USD,153300,US,M
2023,SE,FT,Data_Analyst,161500,USD,161500,US,M
2023,SE,FT,Data_Analyst,119500,USD,119500,US,M
2023,SE,FT,Data_Analyst,175000,USD,175000,US,M
2023,SE,FT,Data_Analyst,145000,USD,145000,US,M
2023,SE,FT,Data_Scientist,175000,USD,175000,US,M
2023,SE,FT,Data_Scientist,148750,USD,148750,US,M
2023,SE,FT,Data_Analytics_Specialist,105000,USD,105000,US,M
2023,SE,FT,Data_Analytics_Specialist,85000,USD,85000,US,M
2023,SE,FT,Research_Scientist,215000,USD,215000,US,M
2023,SE,FT,Research_Scientist,146300,USD,146300,US,M
2023,SE,FT,Machine_Learning_Engineer,153400,USD,153400,US,M
2023,SE,FT,Machine_Learning_Engineer,122700,USD,122700,US,M
2023,SE,FT,Data_Scientist,186300,USD,186300,US,M
2023,SE,FT,Data_Scientist,123900,USD,123900,US,M
2023,SE,FT,Machine_Learning_Engineer,153400,USD,153400,US,M
2023,SE,FT,Machine_Learning_Engineer,122700,USD,122700,US,M
2023,SE,FT,Data_Analyst,185900,USD,185900,US,M
2023,SE,FT,Data_Analyst,121700,USD,121700,US,M
2023,SE,FT,Data_Analyst,153600,USD,153600,US,M
2023,SE,FT,Data_Analyst,106800,USD,106800,US,M
2023,SE,FL,Software_Data_Engineer,50000,USD,50000,AU,M
2023,SE,FT,Machine_Learning_Engineer,247500,USD,247500,US,M
2023,SE,FT,Machine_Learning_Engineer,172200,USD,172200,US,M
2023,SE,FT,Data_Analyst,125000,USD,125000,US,M
2023,SE,FT,Data_Analyst,110000,USD,110000,US,M
2023,SE,FT,Data_Scientist,149076,USD,149076,US,M
2023,SE,FT,Data_Scientist,82365,USD,82365,US,M
2023,SE,FT,Machine_Learning_Engineer,139500,USD,139500,US,M
2023,SE,FT,Machine_Learning_Engineer,109400,USD,109400,US,M
2023,SE,FT,Data_Engineer,139500,USD,139500,US,M
2023,SE,FT,Data_Engineer,109400,USD,109400,US,M
2023,SE,FT,Data_Engineer,252000,USD,252000,US,M
2023,SE,FT,Data_Engineer,129000,USD,129000,US,M
2023,SE,FT,Data_Analyst,95000,USD,95000,US,M
2023,SE,FT,Data_Analyst,85500,USD,85500,US,M
2023,SE,FT,Data_Analyst,185900,USD,185900,US,M
2023,SE,FT,Data_Analyst,121700,USD,121700,US,M
2023,SE,FT,Data_Scientist,201000,USD,201000,US,M
2023,SE,FT,Data_Scientist,122000,USD,122000,US,M
2023,SE,FT,Data_Engineer,252000,USD,252000,US,M
2023,SE,FT,Data_Engineer,129000,USD,129000,US,M
2023,SE,FT,Data_Analyst,120000,USD,120000,US,M
2023,SE,FT,Data_Analyst,75000,USD,75000,US,M
2023,SE,FT,Data_Scientist,185900,USD,185900,US,M
2023,SE,FT,Data_Scientist,129300,USD,129300,US,M
2023,SE,FT,Data_Scientist,201000,USD,201000,US,M
2023,SE,FT,Data_Scientist,122000,USD,122000,US,M
2023,SE,FT,Machine_Learning_Engineer,204500,USD,204500,US,M
2023,SE,FT,Machine_Learning_Engineer,142200,USD,142200,US,M
2023,SE,FT,Data_Manager,155000,USD,155000,US,M
2023,SE,FT,Data_Manager,140000,USD,140000,US,M
2023,SE,FT,Data_Engineer,121500,USD,121500,US,M
2023,SE,FT,Data_Engineer,78000,USD,78000,US,M
2023,SE,FT,Data_Scientist,190000,USD,190000,US,M
2023,SE,FT,Data_Scientist,136000,USD,136000,US,M
2023,SE,FT,Data_Analyst,180000,USD,180000,US,M
2023,SE,FT,Data_Analyst,110000,USD,110000,US,M
2023,SE,FT,Data_Scientist,275300,USD,275300,US,M
2023,SE,FT,Data_Scientist,183000,USD,183000,US,M
2023,SE,FT,Data_Engineer,170000,USD,170000,US,M
2023,SE,FT,Data_Engineer,140000,USD,140000,US,M
2023,SE,FT,Data_Engineer,154000,USD,154000,US,M
2023,SE,FT,Data_Engineer,116000,USD,116000,US,M
2023,SE,FT,Data_Engineer,160000,USD,160000,US,M
2023,SE,FT,Data_Engineer,130000,USD,130000,US,M
2023,SE,FT,Data_Scientist,175000,USD,175000,US,M
2023,SE,FT,Data_Scientist,160000,USD,160000,US,M
2023,SE,FT,Data_Engineer,153600,USD,153600,US,M
2023,SE,FT,Data_Engineer,106800,USD,106800,US,M
2023,SE,FT,Data_Scientist,225000,USD,225000,US,M
2023,SE,FT,Data_Scientist,156400,USD,156400,US,M
2023,SE,FT,Analytics_Engineer,150000,USD,150000,US,M
2023,SE,FT,Analytics_Engineer,120000,USD,120000,US,M
2023,SE,FT,Machine_Learning_Engineer,163800,USD,163800,US,M
2023,SE,FT,Machine_Learning_Engineer,126000,USD,126000,US,M
2023,SE,FT,Data_Analyst,145000,USD,145000,US,M
2023,SE,FT,Data_Analyst,90000,USD,90000,US,M
2023,SE,FT,Machine_Learning_Engineer,204500,USD,204500,US,M
2023,SE,FT,Machine_Learning_Engineer,142200,USD,142200,US,M
2023,SE,FT,Data_Analyst,95000,USD,95000,US,M
2023,SE,FT,Data_Analyst,85500,USD,85500,US,M
2023,SE,FT,Data_Engineer,167500,USD,167500,US,M
2023,SE,FT,Data_Engineer,106500,USD,106500,US,M
2023,SE,FT,Data_Engineer,163800,USD,163800,US,M
2023,SE,FT,Data_Engineer,126000,USD,126000,US,M
2023,SE,FT,Research_Scientist,250000,USD,250000,US,M
2023,SE,FT,Research_Scientist,200000,USD,200000,US,M
2023,SE,FT,Data_Scientist,260000,USD,260000,US,M
2023,SE,FT,Data_Scientist,186000,USD,186000,US,M
2023,SE,FT,Data_Engineer,160000,USD,160000,US,M
2023,SE,FT,Data_Engineer,130000,USD,130000,US,M
2023,SE,FT,Research_Scientist,200000,USD,200000,US,M
2023,SE,FT,Research_Scientist,150000,USD,150000,US,M
2023,SE,FT,Data_Scientist,45000,EUR,48289,ES,M
2023,SE,FT,Data_Scientist,36000,EUR,38631,ES,M
2023,SE,FT,Data_Scientist,150000,USD,150000,US,M
2023,SE,FT,Data_Scientist,120000,USD,120000,US,M
2023,SE,FT,Head_of_Data,70000,EUR,75116,PT,L
2023,SE,FT,Data_Analyst,175000,USD,175000,US,M
2023,SE,FT,Data_Analyst,130000,USD,130000,US,M
2023,SE,FT,Data_Analyst,122000,USD,122000,US,M
2023,SE,FT,Data_Analyst,93800,USD,93800,US,M
2023,SE,FT,Data_Science_Manager,150000,USD,150000,MX,M
2023,SE,FT,Data_Science_Manager,90000,USD,90000,MX,M
2023,SE,FT,Data_Analyst,165000,USD,165000,US,M
2023,SE,FT,Data_Analyst,112000,USD,112000,US,M
2023,SE,FT,BI_Data_Analyst,67000,EUR,71897,DE,M
2023,SE,FT,Machine_Learning_Engineer,204500,USD,204500,US,M
2023,SE,FT,Machine_Learning_Engineer,142200,USD,142200,US,M
2023,SE,FT,Data_Analyst,1300000,INR,15806,IN,S
2023,SE,FT,Data_Engineer,185900,USD,185900,US,M
2023,SE,FT,Data_Engineer,129300,USD,129300,US,M
2023,SE,FT,Data_Analyst,185900,USD,185900,US,M
2023,SE,FT,Data_Analyst,121700,USD,121700,US,M
2023,SE,FT,Machine_Learning_Engineer,204500,USD,204500,US,M
2023,SE,FT,Machine_Learning_Engineer,142200,USD,142200,US,M
2023,SE,FT,Data_Science_Consultant,1000000,THB,29453,TH,M
2023,SE,FT,Data_Analyst,180180,USD,180180,US,M
2023,SE,FT,Data_Analyst,106020,USD,106020,US,M
2023,SE,FT,Data_Scientist,136000,USD,136000,US,M
2023,SE,FT,Data_Scientist,104000,USD,104000,US,M
2023,SE,FT,Data_Analyst,125000,USD,125000,US,M
2023,SE,FT,Data_Analyst,110000,USD,110000,US,M
2023,SE,FT,Machine_Learning_Engineer,153400,USD,153400,US,M
2023,SE,FT,Machine_Learning_Engineer,122700,USD,122700,US,M
2023,SE,FT,Data_Analyst,152380,USD,152380,US,M
2023,SE,FT,Data_Analyst,121904,USD,121904,US,M
2023,SE,FT,Data_Scientist,185900,USD,185900,US,M
2023,SE,FT,Data_Scientist,129300,USD,129300,US,M
2023,SE,FT,Machine_Learning_Engineer,247500,USD,247500,US,M
2023,SE,FT,Machine_Learning_Engineer,172200,USD,172200,US,M
2023,SE,FT,Data_Architect,168400,USD,168400,US,M
2023,SE,FT,Data_Architect,105200,USD,105200,US,M
2023,SE,FT,Machine_Learning_Engineer,128280,USD,128280,US,M
2023,SE,FT,Machine_Learning_Engineer,106900,USD,106900,US,M
2023,SE,FT,Research_Engineer,100000,EUR,107309,DE,S
2023,SE,FT,Research_Engineer,80000,EUR,85847,DE,S
2023,SE,FT,Machine_Learning_Engineer,275000,USD,275000,DE,M
2023,SE,FT,Machine_Learning_Engineer,174000,USD,174000,DE,M
2023,SE,FT,Data_Engineer,139500,USD,139500,US,M
2023,SE,FT,Data_Engineer,109400,USD,109400,US,M
2023,SE,FT,Machine_Learning_Engineer,139500,USD,139500,US,M
2023,SE,FT,Machine_Learning_Engineer,109400,USD,109400,US,M
2023,SE,FT,Data_Analyst,170500,USD,170500,US,M
2023,SE,FT,Data_Analyst,85000,USD,85000,US,M
2023,SE,FT,Data_Manager,60027,GBP,72946,GB,M
2023,SE,FT,Data_Manager,44737,GBP,54365,GB,M
2023,SE,FT,Data_Engineer,80000,USD,80000,US,M
2023,SE,FT,Data_Engineer,65000,USD,65000,US,M
2023,SE,FT,Data_Engineer,124740,USD,124740,US,M
2023,SE,FT,Data_Engineer,65488,USD,65488,US,M
2023,SE,FT,Data_Quality_Analyst,72200,USD,72200,US,M
2023,SE,FT,Data_Quality_Analyst,64980,USD,64980,US,M
2023,SE,FT,Data_Engineer,153600,USD,153600,US,M
2023,SE,FT,Data_Engineer,106800,USD,106800,US,M
2023,SE,FT,Data_Analyst,179975,USD,179975,US,M
2023,SE,FT,Data_Analyst,86466,USD,86466,US,M
2023,SE,FT,Data_Engineer,120000,USD,120000,US,M
2023,SE,FT,Data_Engineer,90000,USD,90000,US,M
2023,SE,FT,Data_Scientist,149076,USD,149076,US,M
2023,SE,FT,Data_Scientist,82365,USD,82365,US,M
2023,SE,FT,Data_Analyst,169000,USD,169000,US,M
2023,SE,FT,Data_Analyst,110600,USD,110600,US,M
2023,SE,FT,Data_Science_Manager,175000,USD,175000,US,M
2023,SE,FT,Data_Science_Manager,120000,USD,120000,US,M
2023,SE,FT,Data_Analyst,230000,USD,230000,US,M
2023,SE,FT,Data_Analyst,180000,USD,180000,US,M
2023,SE,FT,Data_Analyst,153600,USD,153600,US,M
2023,SE,FT,Data_Analyst,106800,USD,106800,US,M
2023,SE,FT,Data_Manager,140000,USD,140000,US,M
2023,SE,FT,Data_Manager,120000,USD,120000,US,M
2023,SE,FT,Machine_Learning_Infrastructure_Engineer,205920,USD,205920,US,M
2023,SE,FT,Machine_Learning_Infrastructure_Engineer,171600,USD,171600,US,M
2023,SE,FT,Data_Analyst,165000,USD,165000,US,M
2023,SE,FT,Data_Analyst,125000,USD,125000,US,M
2023,SE,FT,Data_Engineer,265000,USD,265000,US,M
2023,SE,FT,Data_Engineer,185000,USD,185000,US,M
2023,SE,FT,Data_Analyst,95000,USD,95000,US,M
2023,SE,FT,Data_Analyst,85500,USD,85500,US,M
2023,SE,FT,Data_Scientist,147100,USD,147100,US,M
2023,SE,FT,Data_Scientist,90700,USD,90700,US,M
2023,SE,FT,Data_Engineer,167580,USD,167580,US,M
2023,SE,FT,Data_Engineer,87980,USD,87980,US,M
2023,SE,FT,Data_Engineer,202000,USD,202000,US,M
2023,SE,FT,Data_Engineer,135000,USD,135000,US,M
2023,SE,FT,Data_Engineer,163800,USD,163800,US,M
2023,SE,FT,Data_Engineer,126000,USD,126000,US,M
2023,SE,FT,Machine_Learning_Engineer,163800,USD,163800,US,M
2023,SE,FT,Machine_Learning_Engineer,126000,USD,126000,US,M
2023,SE,FT,Data_Engineer,104000,USD,104000,US,M
2023,SE,FT,Data_Engineer,65000,USD,65000,US,M
2023,SE,FT,Research_Engineer,230000,USD,230000,US,M
2023,SE,FT,Research_Engineer,148000,USD,148000,US,M
2023,SE,FT,Machine_Learning_Engineer,269000,USD,269000,CA,M
2023,SE,FT,Machine_Learning_Engineer,158000,USD,158000,CA,M
2023,SE,FT,Analytics_Engineer,197000,USD,197000,US,M
2023,SE,FT,Analytics_Engineer,106000,USD,106000,US,M
2023,SE,FT,Data_Engineer,290000,USD,290000,US,M
2023,SE,FT,Data_Engineer,210000,USD,210000,US,M
2023,SE,FT,Data_Engineer,192000,USD,192000,US,M
2023,SE,FT,Data_Engineer,172800,USD,172800,US,M
2023,SE,FT,Data_Scientist,300240,USD,300240,US,M
2023,SE,FT,Data_Scientist,200160,USD,200160,US,M
2023,SE,FT,Data_Scientist,300240,USD,300240,US,M
2023,SE,FT,Data_Scientist,200160,USD,200160,US,M
2023,SE,FT,Analytics_Engineer,175000,USD,175000,US,M
2023,SE,FT,Analytics_Engineer,140000,USD,140000,US,M
2023,SE,FT,Data_Manager,169000,USD,169000,US,M
2023,SE,FT,Data_Manager,100000,USD,100000,US,M
2023,SE,FT,Data_Scientist,370000,USD,370000,US,M
2023,SE,FT,Data_Scientist,245000,USD,245000,US,M
2023,SE,FT,Data_Analyst,110000,USD,110000,US,S
2023,SE,FT,Data_Analyst,80000,USD,80000,US,S
2023,SE,FT,Data_Analyst,95000,USD,95000,US,M
2023,SE,FT,Data_Analyst,85000,USD,85000,US,M
2023,SE,FT,Data_Engineer,137500,USD,137500,US,M
2023,SE,FT,Data_Engineer,81500,USD,81500,US,M
2023,SE,FT,Machine_Learning_Engineer,323300,USD,323300,US,M
2023,SE,FT,Machine_Learning_Engineer,184700,USD,184700,US,M
2023,SE,FT,Machine_Learning_Engineer,186000,USD,186000,US,M
2023,SE,FT,Machine_Learning_Engineer,153088,USD,153088,US,M
2023,SE,FT,Machine_Learning_Engineer,200000,USD,200000,US,M
2023,SE,FT,Machine_Learning_Engineer,150000,USD,150000,US,M
2023,SE,FT,Machine_Learning_Engineer,240000,USD,240000,US,M
2023,SE,FT,Machine_Learning_Engineer,180000,USD,180000,US,M
2023,SE,FT,Machine_Learning_Engineer,200000,USD,200000,US,M
2023,SE,FT,Machine_Learning_Engineer,150000,USD,150000,US,M
2023,SE,FT,Data_Science_Manager,299500,USD,299500,US,M
2023,SE,FT,Data_Science_Manager,245100,USD,245100,US,M
2023,SE,FT,Data_Engineer,144000,USD,144000,US,M
2023,SE,FT,Data_Engineer,66000,USD,66000,US,M
2023,SE,FT,Data_Architect,228000,USD,228000,US,M
2023,SE,FT,Data_Architect,120000,USD,120000,US,M
2023,SE,FT,Machine_Learning_Software_Engineer,180000,USD,180000,US,M
2023,SE,FT,Machine_Learning_Software_Engineer,90000,USD,90000,US,M
2023,SE,FT,Data_Scientist,126500,USD,126500,US,M
2023,SE,FT,Data_Scientist,78000,USD,78000,US,M
2023,SE,FT,Data_Engineer,180000,USD,180000,US,M
2023,SE,FT,Data_Engineer,160000,USD,160000,US,M
2023,SE,FT,Machine_Learning_Software_Engineer,272000,USD,272000,US,M
2023,SE,FT,Machine_Learning_Software_Engineer,170000,USD,170000,US,M
2023,SE,FT,Data_Engineer,259000,USD,259000,US,M
2023,SE,FT,Data_Engineer,146000,USD,146000,US,M
2023,SE,FT,Data_Engineer,200000,USD,200000,US,M
2023,SE,FT,Data_Engineer,160000,USD,160000,US,M
2023,SE,FT,Data_Analyst,142000,USD,142000,US,M
2023,SE,FT,Data_Analyst,95000,USD,95000,US,M
2023,SE,FT,Data_Scientist,155000,USD,155000,US,M
2023,SE,FT,Data_Scientist,139500,USD,139500,US,M
2023,SE,FT,Data_Engineer,259000,USD,259000,US,M
2023,SE,FT,Data_Engineer,146000,USD,146000,US,M
2023,SE,FT,Data_Science_Lead,247500,USD,247500,US,M
2023,SE,FT,Data_Science_Lead,172200,USD,172200,US,M
2023,SE,FT,Data_Scientist,225000,USD,225000,US,M
2023,SE,FT,Data_Scientist,156400,USD,156400,US,M
2023,SE,FT,Data_Engineer,139500,USD,139500,US,M
2023,SE,FT,Data_Engineer,109400,USD,109400,US,M
2023,SE,FT,Machine_Learning_Infrastructure_Engineer,100000,EUR,107309,FR,M
2023,SE,FT,Machine_Learning_Infrastructure_Engineer,70000,EUR,75116,FR,M
2023,SE,FT,Data_Scientist,185900,USD,185900,US,M
2023,SE,FT,Data_Scientist,129300,USD,129300,US,M
2023,SE,FT,Machine_Learning_Engineer,139500,USD,139500,US,M
2023,SE,FT,Machine_Learning_Engineer,109400,USD,109400,US,M
2023,SE,FT,Data_Analyst,120000,USD,120000,US,M
2023,SE,FT,Data_Analyst,75000,USD,75000,US,M
2023,SE,FT,Data_Analyst,169000,USD,169000,US,M
2023,SE,FT,Data_Analyst,110600,USD,110600,US,M
2023,SE,FT,Machine_Learning_Engineer,288000,USD,288000,US,M
2023,SE,FT,Machine_Learning_Engineer,140000,USD,140000,US,M
2023,SE,FT,Machine_Learning_Engineer,288000,USD,288000,US,M
2023,SE,FT,Machine_Learning_Engineer,140000,USD,140000,US,M
2023,SE,FT,Data_Scientist,215050,USD,215050,US,M
2023,SE,FT,Data_Scientist,156400,USD,156400,US,M
2023,SE,FT,Data_Architect,198000,USD,198000,US,M
2023,SE,FT,Data_Architect,114000,USD,114000,US,M
2023,SE,FT,Machine_Learning_Engineer,204500,USD,204500,US,M
2023,SE,FT,Machine_Learning_Engineer,142200,USD,142200,US,M
2023,SE,FT,Data_Scientist,209300,USD,209300,US,M
2023,SE,FT,Data_Scientist,182200,USD,182200,US,M
2023,SE,FT,Data_Manager,140000,USD,140000,US,M
2023,SE,FT,Data_Manager,120000,USD,120000,US,M
2023,SE,FT,Machine_Learning_Engineer,147100,USD,147100,US,M
2023,SE,FT,Machine_Learning_Engineer,90700,USD,90700,US,M
2023,SE,FT,Data_Engineer,230000,USD,230000,US,M
2023,SE,FT,Data_Engineer,170000,USD,170000,US,M
2023,SE,FT,Data_Analyst,227000,USD,227000,US,M
2023,SE,FT,Data_Analyst,108000,USD,108000,US,M
2023,SE,FT,Data_Engineer,180000,USD,180000,US,M
2023,SE,FT,Data_Engineer,160000,USD,160000,US,M
2023,SE,FT,Data_Architect,180000,USD,180000,US,M
2023,SE,FT,Data_Architect,160000,USD,160000,US,M
2023,SE,FT,Data_Engineer,180000,USD,180000,US,M
2023,SE,FT,Data_Engineer,130000,USD,130000,US,M
2023,SE,FT,Data_Analyst,52000,EUR,55800,ES,M
2023,SE,FT,Data_Analyst,48000,EUR,51508,ES,M
2023,SE,FT,Data_Engineer,226700,USD,226700,US,M
2023,SE,FT,Data_Engineer,133300,USD,133300,US,M
2023,SE,FT,Data_Engineer,252000,USD,252000,US,M
2023,SE,FT,Data_Engineer,129000,USD,129000,US,M
2023,SE,FT,Big_Data_Architect,124999,GBP,151902,GB,L
2023,SE,FT,Data_Analyst,80000,USD,80000,US,M
2023,SE,FT,Data_Analyst,52500,USD,52500,US,M
2023,SE,FT,Data_Engineer,250000,USD,250000,US,M
2023,SE,FT,Data_Engineer,162500,USD,162500,US,M
2023,SE,FT,Data_Analyst,153600,USD,153600,US,M
2023,SE,FT,Data_Analyst,106800,USD,106800,US,M
2023,SE,FT,Data_Analyst,115934,USD,115934,US,M
2023,SE,FT,Data_Analyst,81666,USD,81666,US,M
2023,SE,FT,Data_Engineer,167580,USD,167580,US,M
2023,SE,FT,Data_Engineer,87980,USD,87980,US,M
2023,SE,FT,Data_Engineer,250000,USD,250000,US,M
2023,SE,FT,Data_Engineer,63000,USD,63000,US,M
2023,SE,FT,Research_Scientist,253750,USD,253750,ES,M
2023,SE,FT,Research_Scientist,169200,USD,169200,ES,M
2023,SE,FT,Research_Scientist,253750,USD,253750,ES,M
2023,SE,FT,Research_Scientist,169200,USD,169200,ES,M
2023,SE,FT,Data_Engineer,124740,USD,124740,US,M
2023,SE,FT,Data_Engineer,65488,USD,65488,US,M
2023,SE,FT,Data_Engineer,213580,USD,213580,US,M
2023,SE,FT,Data_Engineer,163625,USD,163625,US,M
2023,SE,FT,Data_Engineer,95000,EUR,101943,IE,M
2023,SE,FT,Machine_Learning_Engineer,220000,USD,220000,US,M
2023,SE,FT,Machine_Learning_Engineer,170000,USD,170000,US,M
2023,SE,FT,Data_Architect,180000,USD,180000,US,M
2023,SE,FT,Data_Architect,115000,USD,115000,US,M
2023,SE,FT,Data_Architect,200000,USD,200000,US,M
2023,SE,FT,Data_Architect,115000,USD,115000,US,M
2023,SE,FT,Data_Science_Manager,231250,USD,231250,US,M
2023,SE,FT,Data_Science_Manager,138750,USD,138750,US,M
2023,SE,FT,Machine_Learning_Engineer,284310,USD,284310,US,M
2023,SE,FT,Machine_Learning_Engineer,153090,USD,153090,US,M
2023,SE,FT,Data_Engineer,160000,USD,160000,US,M
2023,SE,FT,Data_Engineer,75000,USD,75000,US,M
2023,SE,FT,Data_Science_Lead,225900,USD,225900,US,M
2023,SE,FT,Data_Science_Lead,156400,USD,156400,US,M
2023,SE,FT,Data_Engineer,250000,USD,250000,US,M
2023,SE,FT,Data_Engineer,162500,USD,162500,US,M
2023,SE,FT,Machine_Learning_Engineer,318300,USD,318300,US,M
2023,SE,FT,Machine_Learning_Engineer,188800,USD,188800,US,M
2023,SE,FT,Data_Analyst,385000,USD,385000,US,M
2023,SE,FT,Data_Analyst,60000,USD,60000,US,M
2023,SE,FT,Data_Scientist,145000,USD,145000,US,M
2023,SE,FT,Data_Scientist,135000,USD,135000,US,M
2023,SE,FT,Data_Analyst,180180,USD,180180,US,M
2023,SE,FT,Data_Analyst,106020,USD,106020,US,M
2023,SE,FT,Data_Analyst,93919,USD,93919,US,M
2023,SE,FT,Data_Analyst,51962,USD,51962,US,M
2023,SE,FT,Data_Engineer,241871,USD,241871,US,M
2023,SE,FT,Data_Engineer,133832,USD,133832,US,M
2023,SE,FT,Data_Scientist,170000,USD,170000,US,M
2023,SE,FT,Data_Scientist,90000,USD,90000,US,M
2023,SE,FT,Data_Analyst,192500,USD,192500,US,M
2023,SE,FT,Data_Analyst,140000,USD,140000,US,M
2023,SE,FT,Data_Scientist,149076,USD,149076,US,M
2023,SE,FT,Data_Scientist,82365,USD,82365,US,M
2023,SE,FT,Data_Scientist,175000,USD,175000,US,M
2023,SE,FT,Data_Scientist,148750,USD,148750,US,M
2023,SE,FT,Research_Scientist,370000,USD,370000,US,M
2023,SE,FT,Research_Scientist,200000,USD,200000,US,M
2023,SE,FT,Data_Scientist,235000,USD,235000,US,M
2023,SE,FT,Data_Scientist,185000,USD,185000,US,M
2023,SE,FT,Data_Scientist,216100,USD,216100,US,M
2023,SE,FT,Data_Scientist,140800,USD,140800,US,M
2023,SE,FT,Computer_Vision_Software_Engineer,50000,EUR,53654,CA,L
2023,SE,FT,Data_Engineer,128000,USD,128000,US,M
2023,SE,FT,Data_Engineer,81500,USD,81500,US,M
2023,SE,FT,Research_Scientist,248100,USD,248100,CA,M
2023,SE,FT,Research_Scientist,145900,USD,145900,CA,M
2023,SE,FT,Research_Engineer,155850,USD,155850,US,M
2023,SE,FT,Research_Engineer,102544,USD,102544,US,M
2023,SE,FT,Director_of_Data_Science,170000,CAD,125686,CA,M
2023,SE,FT,Azure_Data_Engineer,100000,USD,100000,NL,L
2023,SE,FT,Data_Scientist,250000,USD,250000,US,M
2023,SE,FT,Data_Scientist,162500,USD,162500,US,M
2023,SE,FT,Data_Scientist,185000,USD,185000,GB,M
2023,SE,FT,Data_Scientist,120250,USD,120250,GB,M
2023,SE,FT,BI_Developer,135000,USD,135000,US,M
2023,SE,FT,BI_Developer,100000,USD,100000,US,M
2023,SE,FT,Machine_Learning_Engineer,204500,USD,204500,US,M
2023,SE,FT,Machine_Learning_Engineer,142200,USD,142200,US,M
2023,SE,FT,Data_Engineer,226700,USD,226700,US,M
2023,SE,FT,Data_Engineer,133300,USD,133300,US,M
2023,SE,FT,Data_Scientist,225000,USD,225000,US,M
2023,SE,FT,Data_Scientist,156400,USD,156400,US,M
2023,SE,FT,Data_Engineer,163800,USD,163800,US,M
2023,SE,FT,Data_Engineer,126000,USD,126000,US,M
2023,SE,FT,Machine_Learning_Engineer,163800,USD,163800,US,M
2023,SE,FT,Machine_Learning_Engineer,126000,USD,126000,US,M
2023,SE,FT,ML_Engineer,220000,USD,220000,US,M
2023,SE,FT,ML_Engineer,150000,USD,150000,US,M
2023,SE,FT,Data_Engineer,145000,USD,145000,US,M
2023,SE,FT,Data_Engineer,115000,USD,115000,US,M
2023,SE,FT,Data_Analytics_Manager,204500,USD,204500,US,M
2023,SE,FT,Data_Analytics_Manager,138900,USD,138900,US,M
2023,SE,FT,Data_Engineer,150000,USD,150000,US,M
2023,SE,FT,Data_Engineer,107000,USD,107000,US,M
2023,SE,FT,Data_Engineer,226700,USD,226700,US,M
2023,SE,FT,Data_Engineer,133300,USD,133300,US,M
2023,SE,FT,Data_Engineer,252000,USD,252000,US,M
2023,SE,FT,Data_Engineer,129000,USD,129000,US,M
2023,SE,FT,Machine_Learning_Engineer,150000,USD,150000,US,M
2023,SE,FT,Machine_Learning_Engineer,125000,USD,125000,US,M
2023,SE,FT,Data_Engineer,252000,USD,252000,US,M
2023,SE,FT,Data_Engineer,129000,USD,129000,US,M
2023,SE,FT,Data_Scientist,225000,USD,225000,US,M
2023,SE,FT,Data_Scientist,156400,USD,156400,US,M
2023,SE,FT,Data_Engineer,265000,USD,265000,US,M
2023,SE,FT,Data_Engineer,182750,USD,182750,US,M
2023,SE,FT,Data_Analyst,153600,USD,153600,US,M
2023,SE,FT,Data_Analyst,106800,USD,106800,US,M
2023,SE,FT,Data_Engineer,137500,USD,137500,US,M
2023,SE,FT,Data_Engineer,81500,USD,81500,US,M
2023,SE,FT,Applied_Scientist,205000,USD,205000,US,M
2023,SE,FT,Applied_Scientist,180000,USD,180000,US,M
2023,SE,FT,Data_Scientist,165000,USD,165000,US,M
2023,SE,FT,Data_Scientist,144000,USD,144000,US,M
2023,SE,FT,Data_Manager,199000,USD,199000,US,M
2023,SE,FT,Data_Manager,112000,USD,112000,US,M
2023,SE,FT,Data_Scientist,105000,USD,105000,US,M
2023,SE,FT,Data_Scientist,70000,USD,70000,US,M
2023,SE,FT,Data_Analyst,180180,USD,180180,US,M
2023,SE,FT,Data_Analyst,106020,USD,106020,US,M
2023,SE,FT,Data_Scientist,183000,USD,183000,US,M
2023,SE,FT,Data_Scientist,134000,USD,134000,US,M
2023,SE,FT,Machine_Learning_Engineer,220000,USD,220000,US,M
2023,SE,FT,Machine_Learning_Engineer,150000,USD,150000,US,M
2023,SE,FT,Applied_Scientist,350000,USD,350000,US,L
2023,SE,FT,Applied_Scientist,262500,USD,262500,US,L
2023,SE,FT,Data_Analyst,122000,USD,122000,US,M
2023,SE,FT,Data_Analyst,94000,USD,94000,US,M
2023,SE,FT,Machine_Learning_Engineer,276000,USD,276000,US,M
2023,SE,FT,Machine_Learning_Engineer,184000,USD,184000,US,M
2023,SE,FT,Data_Scientist,225000,USD,225000,US,M
2023,SE,FT,Data_Scientist,156400,USD,156400,US,M
2023,SE,FT,Data_Scientist,228000,USD,228000,US,M
2023,SE,FT,Data_Scientist,152000,USD,152000,US,M
2023,SE,FT,Data_Scientist,209450,USD,209450,US,M
2023,SE,FT,Data_Scientist,158677,USD,158677,US,M
2023,SE,FT,Data_Analyst,175000,USD,175000,US,M
2023,SE,FT,Data_Analyst,145000,USD,145000,US,M
2023,SE,FT,Data_Engineer,240000,USD,240000,US,M
2023,SE,FT,Data_Engineer,170000,USD,170000,US,M
2023,SE,FT,Data_Scientist,59000,EUR,63312,EE,L
2023,SE,FT,Data_Scientist,237000,USD,237000,US,M
2023,SE,FT,Data_Scientist,145000,USD,145000,US,M
2023,SE,FT,Data_Scientist,240000,USD,240000,US,M
2023,SE,FT,Data_Scientist,139000,USD,139000,US,M
2023,SE,FT,Data_Architect,174500,USD,174500,US,M
2023,SE,FT,Data_Architect,113000,USD,113000,US,M
2023,SE,FT,Data_Analyst,130000,USD,130000,US,M
2023,SE,FT,Data_Analyst,87000,USD,87000,US,M
2023,SE,FT,Data_Analyst,160000,USD,160000,US,M
2023,SE,FT,Data_Analyst,108000,USD,108000,US,M
2023,SE,FT,Data_Engineer,165000,USD,165000,US,M
2023,SE,FT,Data_Engineer,107250,USD,107250,US,M
2023,SE,FT,Data_Engineer,300000,USD,300000,US,M
2023,SE,FT,Data_Engineer,119000,USD,119000,US,M
2023,SE,FT,Data_Scientist,285800,USD,285800,US,M
2023,SE,FT,Data_Scientist,154600,USD,154600,US,M
2023,SE,FT,Data_Manager,168400,USD,168400,US,M
2023,SE,FT,Data_Manager,105200,USD,105200,US,M
2023,SE,FT,Analytics_Engineer,200000,USD,200000,US,M
2023,SE,FT,Analytics_Engineer,175000,USD,175000,US,M
2023,SE,FT,Analytics_Engineer,231250,USD,231250,US,M
2023,SE,FT,Analytics_Engineer,138750,USD,138750,US,M
2023,SE,FT,Data_Engineer,153000,USD,153000,CA,M
2023,SE,FT,Data_Engineer,94000,USD,94000,CA,M
2023,SE,FT,Data_Engineer,240500,USD,240500,US,L
2023,SE,FT,Data_Engineer,123700,USD,123700,US,L
2023,SE,FT,Data_Engineer,160000,USD,160000,US,M
2023,SE,FT,Data_Engineer,90000,USD,90000,US,M
2023,SE,FT,Data_Scientist,275300,USD,275300,US,M
2023,SE,FT,Data_Scientist,183500,USD,183500,US,M
2023,SE,FT,Data_Scientist,275300,USD,275300,US,M
2023,SE,FT,Data_Scientist,183500,USD,183500,US,M
2023,SE,FT,Data_Analyst,160000,USD,160000,US,M
2023,SE,FT,Data_Analyst,125600,USD,125600,US,M
2023,SE,FT,Data_Engineer,170000,USD,170000,US,M
2023,SE,FT,Data_Engineer,120000,USD,120000,US,M
2023,SE,FT,Data_Engineer,225000,USD,225000,US,M
2023,SE,FT,Data_Engineer,140000,USD,140000,US,M
2023,SE,FT,Data_Analyst,141290,USD,141290,US,M
2023,SE,FT,Data_Analyst,74178,USD,74178,US,M
2023,SE,FT,Data_Scientist,150000,USD,150000,US,M
2023,SE,FT,Data_Scientist,120000,USD,120000,US,M
2023,SE,FT,Data_Engineer,85000,USD,85000,US,M
2023,SE,FT,Data_Engineer,75000,USD,75000,US,M
2023,SE,FT,Data_Engineer,220000,USD,220000,US,M
2023,SE,FT,Data_Engineer,160000,USD,160000,US,M
2023,SE,FT,Data_Engineer,205600,USD,205600,US,M
2023,SE,FT,Data_Engineer,107500,USD,107500,US,M
2023,SE,FT,Data_Engineer,185900,USD,185900,US,M
2023,SE,FT,Data_Engineer,129300,USD,129300,US,M
2023,SE,FT,Data_Engineer,160000,USD,160000,US,M
2023,SE,FT,Data_Engineer,130000,USD,130000,US,M
2023,SE,FT,Data_Scientist,136000,USD,136000,US,M
2023,SE,FT,Data_Scientist,104000,USD,104000,US,M
2023,SE,FT,Data_Scientist,110000,USD,110000,US,M
2023,SE,FT,Data_Scientist,84000,USD,84000,US,M
2023,SE,FT,BI_Analyst,125000,USD,125000,US,M
2023,SE,FT,BI_Analyst,110000,USD,110000,US,M
2023,SE,FT,ML_Engineer,200000,USD,200000,US,M
2023,SE,FT,ML_Engineer,135000,USD,135000,US,M
2023,SE,FT,Data_Engineer,130000,USD,130000,US,M
2023,SE,FT,Data_Engineer,75000,USD,75000,US,M
2023,SE,FT,Data_Engineer,252000,USD,252000,US,M
2023,SE,FT,Data_Engineer,129000,USD,129000,US,M
2023,SE,FT,Data_Engineer,226700,USD,226700,US,M
2023,SE,FT,Data_Engineer,133300,USD,133300,US,M
2023,SE,FT,Data_Scientist,190000,USD,190000,US,M
2023,SE,FT,Data_Scientist,165000,USD,165000,US,M
2023,SE,FT,Data_Engineer,170000,USD,170000,US,M
2023,SE,FT,Data_Engineer,150000,USD,150000,US,M
2023,SE,FT,Data_Scientist,225000,USD,225000,US,M
2023,SE,FT,Data_Scientist,156400,USD,156400,US,M
2023,SE,FT,Computer_Vision_Engineer,200000,USD,200000,US,S
2023,SE,FT,Data_Scientist,257000,USD,257000,US,M
2023,SE,FT,Data_Scientist,134000,USD,134000,US,M
2023,SE,FT,Data_Scientist,72000,EUR,77262,LV,M
2023,SE,FT,Data_Scientist,36000,EUR,38631,LV,M
2023,SE,FT,Data_Engineer,205600,USD,205600,US,L
2023,SE,FT,Data_Engineer,105700,USD,105700,US,L
2023,SE,FT,BI_Developer,140000,USD,140000,US,M
2023,SE,FT,BI_Developer,110000,USD,110000,US,M
2023,SE,FT,Data_Science_Manager,299500,USD,299500,US,M
2023,SE,FT,Data_Science_Manager,245100,USD,245100,US,M
2023,SE,FT,Research_Scientist,210000,USD,210000,US,M
2023,SE,FT,Research_Scientist,151800,USD,151800,US,M
2023,SE,FT,Data_Analyst,48000,EUR,51508,ES,M
2023,SE,FT,Data_Analyst,38000,EUR,40777,ES,M
2023,SE,FT,Data_Analyst,48000,EUR,51508,ES,M
2023,SE,FT,Data_Analyst,38000,EUR,40777,ES,M
2023,SE,FT,Data_Engineer,250000,USD,250000,US,M
2023,SE,FT,Data_Engineer,63000,USD,63000,US,M
2023,SE,FT,Data_Scientist,237000,USD,237000,US,M
2023,SE,FT,Data_Scientist,145000,USD,145000,US,M
2023,SE,FT,Data_Scientist,130000,USD,130000,US,M
2023,SE,FT,Data_Scientist,90000,USD,90000,US,M
2023,SE,FT,Data_Architect,174500,USD,174500,US,M
2023,SE,FT,Data_Architect,113000,USD,113000,US,M
2023,SE,FT,Data_Analyst,145000,USD,145000,US,M
2023,SE,FT,Data_Analyst,102500,USD,102500,US,M
2023,SE,FT,Data_Scientist,210000,USD,210000,US,M
2023,SE,FT,Data_Scientist,185000,USD,185000,US,M
2023,SE,FT,Data_Architect,174500,USD,174500,US,M
2023,SE,FT,Data_Architect,113000,USD,113000,US,M
2023,SE,FT,Data_Science_Consultant,122000,USD,122000,US,M
2023,SE,FT,Data_Science_Consultant,94000,USD,94000,US,M
2023,SE,FT,Data_Scientist,220000,USD,220000,US,M
2023,SE,FT,Data_Scientist,146000,USD,146000,US,M
2023,SE,FT,Data_Engineer,300000,USD,300000,US,M
2023,SE,FT,Data_Engineer,130000,USD,130000,US,M
2023,SE,FT,Data_Science_Consultant,145000,USD,145000,US,M
2023,SE,FT,Data_Science_Consultant,128000,USD,128000,US,M
2023,SE,FT,Data_Scientist,182000,USD,182000,US,M
2023,SE,FT,Data_Scientist,140000,USD,140000,US,M
2023,SE,FT,Data_Engineer,122000,USD,122000,US,M
2023,SE,FT,Data_Engineer,94000,USD,94000,US,M
2023,SE,FT,Machine_Learning_Engineer,72000,EUR,77262,LV,M
2023,SE,FT,Machine_Learning_Engineer,36000,EUR,38631,LV,M
2023,SE,FT,Data_Engineer,252000,USD,252000,US,M
2023,SE,FT,Data_Engineer,129000,USD,129000,US,M
2023,SE,FT,Data_Scientist,136000,USD,136000,US,M
2023,SE,FT,Data_Scientist,104000,USD,104000,US,M
2023,SE,FT,Data_Scientist,168000,USD,168000,US,M
2023,SE,FT,Data_Scientist,130000,USD,130000,US,M
2023,SE,FT,Data_Scientist,153400,USD,153400,US,M
2023,SE,FT,Data_Scientist,122700,USD,122700,US,M
2023,SE,FT,Data_Scientist,185000,USD,185000,US,M
2023,SE,FT,Data_Scientist,160000,USD,160000,US,M
2023,SE,FT,Data_Scientist,205000,USD,205000,US,M
2023,SE,FT,Data_Scientist,185000,USD,185000,US,M
2023,SE,FT,Machine_Learning_Engineer,204500,USD,204500,US,M
2023,SE,FT,Machine_Learning_Engineer,142200,USD,142200,US,M
2023,SE,FT,ML_Engineer,234100,USD,234100,US,M
2023,SE,FT,ML_Engineer,203500,USD,203500,US,M
2023,SE,FT,Data_Scientist,223800,USD,223800,US,M
2023,SE,FT,Data_Scientist,172100,USD,172100,US,M
2023,SE,FT,Data_Scientist,180000,USD,180000,US,M
2023,SE,FT,Data_Scientist,150000,USD,150000,US,M
2023,SE,FT,Data_Engineer,232200,USD,232200,US,M
2023,SE,FT,Data_Engineer,167200,USD,167200,US,M
2023,SE,FT,BI_Developer,197000,USD,197000,US,M
2023,SE,FT,BI_Developer,106000,USD,106000,US,M
2023,SE,FT,Research_Scientist,180000,USD,180000,US,M
2023,SE,FT,Research_Scientist,145000,USD,145000,US,M
2023,SE,FT,Data_Lead,225000,USD,225000,US,M
2023,SE,FT,Data_Lead,200000,USD,200000,US,M
2023,SE,FT,Data_Engineer,170000,USD,170000,US,M
2023,SE,FT,Data_Engineer,114000,USD,114000,US,M
2023,SE,FT,Data_Engineer,291500,USD,291500,US,M
2023,SE,FT,Data_Engineer,180000,USD,180000,US,M
2023,SE,FT,Data_Scientist,168400,USD,168400,US,M
2023,SE,FT,Data_Scientist,105200,USD,105200,US,M
2023,SE,FT,Analytics_Engineer,207000,USD,207000,US,M
2023,SE,FT,Analytics_Engineer,167000,USD,167000,US,M
2023,SE,FT,Machine_Learning_Engineer,145000,USD,145000,US,M
2023,SE,FT,Machine_Learning_Engineer,135000,USD,135000,US,M
2023,SE,FT,Data_Architect,180000,USD,180000,US,M
2023,SE,FT,Data_Architect,115000,USD,115000,US,M
2023,SE,FT,Data_Engineer,133800,USD,133800,US,M
2023,SE,FT,Data_Engineer,96100,USD,96100,US,M
2023,SE,FT,Data_Science_Engineer,140000,USD,140000,US,M
2023,SE,FT,Data_Science_Engineer,100000,USD,100000,US,M
2023,SE,FT,Research_Scientist,150000,USD,150000,US,M
2023,SE,FT,Research_Scientist,120000,USD,120000,US,M
2023,SE,FT,Cloud_Database_Engineer,140000,USD,140000,US,M
2023,SE,FT,Cloud_Database_Engineer,115000,USD,115000,US,M
2023,SE,FT,Data_Science_Manager,297300,USD,297300,US,M
2023,SE,FT,Data_Science_Manager,198200,USD,198200,US,M
2023,SE,FT,Data_Scientist,297300,USD,297300,US,M
2023,SE,FT,Data_Scientist,198200,USD,198200,US,M
2023,SE,FT,Data_Engineer,202000,USD,202000,US,M
2023,SE,FT,Data_Engineer,135000,USD,135000,US,M
2023,SE,FT,Data_Scientist,110000,USD,110000,US,M
2023,SE,FT,Data_Scientist,84000,USD,84000,US,M
2023,SE,FT,Applied_Scientist,230000,USD,230000,US,M
2023,SE,FT,Applied_Scientist,196000,USD,196000,US,M
2023,SE,FT,BI_Developer,140000,USD,140000,US,M
2023,SE,FT,BI_Developer,110000,USD,110000,US,M
2023,SE,FT,Data_Engineer,160000,USD,160000,US,M
2023,SE,FT,Data_Engineer,110000,USD,110000,US,M
2023,SE,FT,Data_Scientist,185900,USD,185900,US,M
2023,SE,FT,Data_Scientist,129300,USD,129300,US,M
2023,SE,FT,Applied_Scientist,126100,USD,126100,US,L
2023,SE,FT,Applied_Scientist,72000,USD,72000,US,L
2023,SE,FT,Data_Engineer,170000,USD,170000,US,M
2023,SE,FT,Data_Engineer,150000,USD,150000,US,M
2023,SE,FT,Data_Analyst,240500,USD,240500,US,M
2023,SE,FT,Data_Analyst,137500,USD,137500,US,M
2023,SE,FT,Research_Scientist,210000,USD,210000,US,M
2023,SE,FT,Research_Scientist,165750,USD,165750,US,M
2023,SE,FT,Machine_Learning_Scientist,225000,USD,225000,US,M
2023,SE,FT,Machine_Learning_Scientist,165750,USD,165750,US,M
2023,SE,FT,Data_Scientist,135000,USD,135000,US,M
2023,SE,FT,Data_Scientist,115000,USD,115000,US,M
2023,SE,FT,NLP_Engineer,275000,USD,275000,US,M
2023,SE,FT,NLP_Engineer,175000,USD,175000,US,M
2023,SE,FT,Data_Scientist,170000,USD,170000,US,M
2023,SE,FT,Data_Scientist,140000,USD,140000,US,M
2023,SE,FT,Data_Engineer,175308,USD,175308,US,M
2023,SE,FT,Data_Engineer,100706,USD,100706,US,M
2023,SE,FT,NLP_Engineer,235000,USD,235000,US,M
2023,SE,FT,NLP_Engineer,135000,USD,135000,US,M
2023,SE,FT,Data_Engineer,310000,USD,310000,US,M
2023,SE,FT,Data_Engineer,229000,USD,229000,US,M
2023,SE,FT,ML_Engineer,289076,USD,289076,US,M
2023,SE,FT,ML_Engineer,202353,USD,202353,US,M
2023,SE,FT,Data_Engineer,65000,EUR,69751,PT,M
2023,SE,FT,Data_Engineer,35000,EUR,37558,PT,M
2023,SE,FT,Data_Engineer,226700,USD,226700,US,M
2023,SE,FT,Data_Engineer,133300,USD,133300,US,M
2023,SE,FT,Data_Analyst,125000,USD,125000,US,M
2023,SE,FT,Data_Analyst,85000,USD,85000,US,M
2023,SE,FT,Data_Analyst,130000,USD,130000,US,M
2023,SE,FT,Data_Analyst,80000,USD,80000,US,M
2023,SE,FT,Data_Engineer,231250,USD,231250,US,M
2023,SE,FT,Data_Engineer,138750,USD,138750,US,M
2023,SE,FT,Data_Engineer,199000,USD,199000,US,M
2023,SE,FT,Data_Engineer,162000,USD,162000,US,M
2023,SE,FT,Research_Scientist,200000,USD,200000,US,M
2023,SE,FT,Research_Scientist,150000,USD,150000,US,M
2023,SE,FT,Research_Scientist,250000,USD,250000,US,M
2023,SE,FT,Research_Scientist,200000,USD,200000,US,M
2023,SE,FT,Research_Engineer,150000,USD,150000,US,M
2023,SE,FT,Research_Engineer,100000,USD,100000,US,M
2023,SE,FT,Data_Scientist,272550,USD,272550,US,M
2023,SE,FT,Data_Scientist,198200,USD,198200,US,M
2023,SE,FT,Data_Scientist,182000,USD,182000,US,M
2023,SE,FT,Data_Scientist,140000,USD,140000,US,M
2023,SE,FT,Data_Engineer,200000,USD,200000,US,M
2023,SE,FT,Data_Engineer,160000,USD,160000,US,M
2023,SE,FT,Machine_Learning_Engineer,204500,USD,204500,US,M
2023,SE,FT,Machine_Learning_Engineer,142200,USD,142200,US,M
2023,SE,FT,Data_Engineer,187500,USD,187500,US,M
2023,SE,FT,Data_Engineer,175000,USD,175000,US,M
2023,SE,FT,Machine_Learning_Engineer,204500,USD,204500,US,M
2023,SE,FT,Machine_Learning_Engineer,142200,USD,142200,US,M
2023,SE,FT,Data_Analyst,155000,USD,155000,US,M
2023,SE,FT,Data_Analyst,64000,USD,64000,US,M
2023,SE,FT,Computer_Vision_Engineer,235000,USD,235000,US,M
2023,SE,FT,Computer_Vision_Engineer,185000,USD,185000,US,M
2023,SE,FT,Data_Architect,174500,USD,174500,US,M
2023,SE,FT,Data_Architect,113000,USD,113000,US,M
2023,SE,FT,Data_Scientist,143100,USD,143100,CA,M
2023,SE,FT,Data_Scientist,113000,USD,113000,CA,M
2023,SE,FT,Applied_Scientist,184000,USD,184000,US,M
2023,SE,FT,Applied_Scientist,142000,USD,142000,US,M
2023,SE,FT,Data_Scientist,140000,USD,140000,US,M
2023,SE,FT,Data_Scientist,120000,USD,120000,US,M
2023,SE,FT,Data_Architect,174500,USD,174500,US,M
2023,SE,FT,Data_Architect,113000,USD,113000,US,M
2023,SE,FT,Data_Scientist,180560,USD,180560,US,M
2023,SE,FT,Data_Scientist,115440,USD,115440,US,M
2023,SE,FT,Data_Scientist,140000,USD,140000,US,M
2023,SE,FT,Data_Scientist,120000,USD,120000,US,M
2023,SE,FT,Research_Scientist,248100,USD,248100,US,M
2023,SE,FT,Research_Scientist,145900,USD,145900,US,M
2023,SE,FT,Data_Scientist,120000,USD,120000,CA,M
2023,SE,FT,Data_Scientist,110000,USD,110000,CA,M
2023,SE,FT,Data_Engineer,291500,USD,291500,US,M
2023,SE,FT,Data_Engineer,180000,USD,180000,US,M
2023,SE,FT,Data_Engineer,161800,USD,161800,US,M
2023,SE,FT,Data_Engineer,141600,USD,141600,US,M
2023,SE,FT,Data_Engineer,166000,USD,166000,US,M
2023,SE,FT,Data_Engineer,128000,USD,128000,US,M
2023,SE,FT,Data_Architect,170000,USD,170000,US,M
2023,SE,FT,Data_Architect,110000,USD,110000,US,M
2023,SE,FT,Data_Engineer,160000,USD,160000,US,M
2023,SE,FT,Data_Engineer,75000,USD,75000,US,M
2023,SE,FT,Data_Engineer,236000,USD,236000,US,M
2023,SE,FT,Data_Engineer,182000,USD,182000,US,M
2023,SE,FT,Machine_Learning_Engineer,261500,USD,261500,US,L
2023,SE,FT,Machine_Learning_Engineer,134500,USD,134500,US,L
2022,EN,FT,AI_Developer,300000,USD,300000,IN,L
2022,EN,FT,Machine_Learning_Engineer,54000,CHF,56536,CH,S
2022,EN,FT,Data_Engineer,57000,EUR,59888,NL,L
2022,EN,PT,Data_Analyst,34320,USD,34320,US,S
2022,EN,FT,Data_Scientist,168000,USD,168000,US,M
2022,EN,FT,Data_Scientist,85000,USD,85000,US,M
2022,EN,FT,Data_Scientist,180000,USD,180000,US,M
2022,EN,FT,Business_Data_Analyst,48000,USD,48000,US,L
2022,EN,FT,AI_Developer,6000,EUR,6304,MK,S
2022,EN,PT,Data_Analyst,24000,EUR,25216,US,L
2022,EN,FT,Data_Scientist,100000,USD,100000,US,M
2022,EN,FT,Data_Scientist,130000,USD,130000,US,M
2022,EN,FT,Applied_Data_Scientist,40000,USD,40000,PK,M
2022,EN,FT,AI_Programmer,40000,USD,40000,AU,M
2022,EN,FT,Machine_Learning_Developer,40000,USD,40000,AU,M
2022,EN,FT,Data_Engineer,160000,USD,160000,US,M
2022,EN,FT,Data_Engineer,135000,USD,135000,US,M
2022,EN,FT,Data_Science_Consultant,23000,EUR,24165,IT,M
2022,EN,FT,Data_Engineer,85000,USD,85000,US,M
2022,EN,FT,Data_Engineer,65000,USD,65000,US,M
2022,EN,FT,Product_Data_Analyst,100000,USD,100000,US,M
2022,EN,FT,Machine_Learning_Software_Engineer,10000,USD,10000,MA,S
2022,EN,FT,Data_Analyst,55000,USD,55000,US,M
2022,EN,FT,Data_Analyst,48000,USD,48000,US,M
2022,EN,FT,Data_Engineer,160000,USD,160000,US,M
2022,EN,FT,Data_Engineer,135000,USD,135000,US,M
2022,EN,FT,BI_Data_Analyst,58000,EUR,60938,DE,L
2022,EN,FT,Data_Analyst,50000,USD,50000,US,L
2022,EN,FT,Data_Scientist,124234,USD,124234,US,M
2022,EN,FT,Data_Scientist,74540,USD,74540,US,M
2022,EN,FT,AI_Scientist,200000,USD,200000,CA,L
2022,EN,FT,Machine_Learning_Engineer,12000,USD,12000,AR,L
2022,EN,FT,Data_Analyst,50000,USD,50000,US,L
2022,EN,FT,Data_Engineer,160000,USD,160000,US,M
2022,EN,FT,Data_Engineer,135000,USD,135000,US,M
2022,EN,FT,Data_Analytics_Engineer,13000,USD,13000,AR,S
2022,EN,FL,Data_Analytics_Consultant,50000,USD,50000,US,S
2022,EN,FT,Machine_Learning_Engineer,189750,USD,189750,US,M
2022,EN,FT,Machine_Learning_Engineer,140250,USD,140250,US,M
2022,EN,FT,Data_Engineer,160000,USD,160000,US,M
2022,EN,FT,Data_Engineer,135000,USD,135000,US,M
2022,EN,FT,Machine_Learning_Research_Engineer,63000,EUR,66192,DE,L
2022,EN,FT,3D_Computer_Vision_Researcher,50000,USD,50000,CR,S
2022,EN,FT,Data_Science_Consultant,26000,EUR,27317,ES,L
2022,EN,FL,Machine_Learning_Engineer,100000,USD,100000,IR,M
2022,EN,FT,Data_Engineer,160000,USD,160000,US,M
2022,EN,FT,Data_Engineer,135000,USD,135000,US,M
2022,EN,FT,Data_Scientist,80000,USD,80000,US,M
2022,EN,FT,Data_Engineer,160000,USD,160000,US,M
2022,EN,FT,Data_Engineer,135000,USD,135000,US,M
2022,EN,FT,Data_Scientist,6600000,HUF,17684,HU,M
2022,EN,PT,BI_Analyst,12000,USD,12000,US,L
2022,EN,FT,Machine_Learning_Developer,33000,USD,33000,DE,S
2022,EN,FT,Machine_Learning_Scientist,33000,EUR,34672,DE,S
2022,EN,FT,Data_Manager,77300,USD,77300,US,M
2022,EN,FT,Data_Manager,45600,USD,45600,US,M
2022,EN,FT,Data_Engineer,50000,GBP,61566,GB,M
2022,EN,FT,Data_Engineer,40000,GBP,49253,GB,M
2022,EN,FT,Data_Analyst,64000,USD,64000,US,L
2022,EN,FT,Data_Scientist,38000,EUR,39925,FR,L
2022,EN,FT,BI_Analyst,76000,USD,76000,US,L
2022,EN,PT,Data_Analyst,125404,USD,125404,US,S
2022,EN,FT,Data_Scientist,180000,USD,180000,US,M
2022,EN,FT,Data_Scientist,100000,USD,100000,US,M
2022,EN,FT,Data_Scientist,80000,USD,80000,US,L
2022,EN,FT,Data_Scientist,96000,CAD,73742,CA,L
2022,EN,FT,Data_Scientist,27000,GBP,33246,GB,L
2022,EN,FT,Machine_Learning_Engineer,108000,USD,108000,US,S
2022,EN,FT,BI_Data_Analyst,57000,USD,57000,US,L
2022,EN,FT,Data_Analyst,20000,USD,20000,US,M
2022,EN,FT,AI_Scientist,50000,USD,50000,US,M
2022,EN,FT,Data_Specialist,105000,USD,105000,US,L
2022,EN,FT,Data_Scientist,1800000,INR,22892,IN,M
2022,EN,FT,AI_Scientist,30000,EUR,31520,ES,M
2022,EN,FT,BI_Data_Analyst,633000,INR,8050,IN,M
2022,EN,FT,Business_Data_Analyst,50000,USD,50000,AS,L
2022,EN,FT,Data_Scientist,93000,USD,93000,US,M
2022,EN,FT,Data_Scientist,73000,USD,73000,US,M
2022,EN,FT,Data_Analyst,40300,BRL,7799,BR,L
2022,EN,FT,Data_Scientist,50000,USD,50000,DE,M
2022,EN,FT,Data_Analyst,500000,INR,6359,IN,L
2022,EN,FT,Data_Scientist,30000,EUR,31520,ES,M
2022,EN,FT,Data_Analyst,46000,USD,46000,US,L
2022,EN,FT,Data_Engineer,80000,USD,80000,US,L
2022,EN,FT,Data_Scientist,82000,USD,82000,US,L
2022,EN,PT,Data_Scientist,110000,USD,110000,FR,M
2022,EN,FT,BI_Data_Analyst,32400,BRL,6270,BR,L
2022,EN,FT,Machine_Learning_Engineer,45000,GBP,55410,GB,S
2022,EN,FT,Data_Analyst,50000,USD,50000,AR,L
2022,EN,FT,Data_Scientist,80000,EUR,84053,BE,L
2022,EN,FT,Machine_Learning_Engineer,115000,USD,115000,US,L
2022,EN,FT,Data_Analyst,150000,USD,150000,US,L
2022,EN,FT,Applied_Data_Scientist,50000,USD,50000,AT,M
2022,EN,FT,Data_Analyst,55000,USD,55000,US,S
2022,EN,FT,Data_Scientist,49500,EUR,52008,BE,S
2022,EN,FT,Analytics_Engineer,130000,USD,130000,US,L
2022,EN,FT,Machine_Learning_Engineer,30000,USD,30000,GB,L
2022,EN,FT,Data_Analyst,27000,EUR,28368,FR,M
2022,EN,FT,Data_Engineer,129000,USD,129000,US,L
2022,EN,FT,Data_Engineer,86000,USD,86000,US,L
2022,EN,FT,Machine_Learning_Developer,180000,USD,180000,US,L
2022,EN,FT,Data_Analyst,15000,USD,15000,ID,L
2022,EN,FT,Machine_Learning_Engineer,83000,USD,83000,US,L
2022,EN,FT,Machine_Learning_Engineer,28500,GBP,35093,GB,L
2022,EN,FT,Data_Engineer,40000,GBP,49253,GB,M
2022,EN,FT,Data_Engineer,35000,GBP,43096,GB,M
2022,EN,FT,Data_Analyst,67000,USD,67000,CA,M
2022,EN,FT,Data_Analyst,52000,USD,52000,CA,M
2022,EN,FT,Data_Scientist,1400000,INR,17805,IN,M
2022,EN,FT,Data_Engineer,65000,USD,65000,US,S
2022,EN,FT,Computer_Vision_Engineer,10000,USD,10000,LU,M
2022,EN,FT,Data_Scientist,66500,CAD,51081,CA,L
2022,EN,FT,Data_Scientist,40000,USD,40000,MY,L
2022,EN,FT,Data_Scientist,120000,AUD,83171,AU,M
2022,EN,CT,Applied_Machine_Learning_Scientist,29000,EUR,30469,CZ,M
2022,EN,FT,Data_Engineer,52800,EUR,55475,DE,M
2022,EN,FT,Research_Scientist,120000,USD,120000,US,L
2022,EN,FT,Data_Analytics_Engineer,20000,USD,20000,PK,M
2022,EN,FT,Computer_Vision_Software_Engineer,150000,USD,150000,AU,S
2022,EN,PT,Data_Scientist,100000,USD,100000,DZ,M
2022,EN,FT,Financial_Data_Analyst,100000,USD,100000,US,L
2022,EN,FT,Data_Engineer,120000,USD,120000,US,M
2022,EN,FT,Computer_Vision_Engineer,125000,USD,125000,US,M
2022,EN,FT,ML_Engineer,20000,EUR,21013,PT,L
2022,EX,FT,Data_Science_Manager,106000,USD,106000,RU,L
2022,EX,FT,Data_Engineer,200000,USD,200000,US,M
2022,EX,FT,Data_Engineer,145000,USD,145000,US,M
2022,EX,FT,Data_Engineer,310000,USD,310000,US,M
2022,EX,FT,Data_Engineer,239000,USD,239000,US,M
2022,EX,FT,Data_Scientist,159000,USD,159000,US,M
2022,EX,FT,Data_Scientist,130000,USD,130000,US,M
2022,EX,FT,Data_Engineer,310000,USD,310000,US,M
2022,EX,FT,Data_Engineer,239000,USD,239000,US,M
2022,EX,FT,Head_of_Data,205000,USD,205000,US,M
2022,EX,FT,Head_of_Data,160000,USD,160000,US,M
2022,EX,FT,Analytics_Engineer,210000,USD,210000,US,M
2022,EX,FT,Analytics_Engineer,157000,USD,157000,US,M
2022,EX,FT,Data_Manager,164000,CAD,125976,CA,L
2022,EX,FT,Data_Engineer,187200,USD,187200,US,M
2022,EX,FT,Data_Engineer,116100,USD,116100,US,M
2022,EX,FT,Data_Science_Manager,222640,USD,222640,US,M
2022,EX,FT,Data_Science_Manager,182160,USD,182160,US,M
2022,EX,FT,Data_Engineer,297500,USD,297500,US,M
2022,EX,FT,Data_Engineer,260000,USD,260000,US,M
2022,EX,FT,Machine_Learning_Scientist,200000,USD,200000,US,S
2022,EX,FT,Machine_Learning_Scientist,180000,USD,180000,US,S
2022,EX,FT,AI_Scientist,200000,USD,200000,US,S
2022,EX,FT,Analytics_Engineer,200000,USD,200000,US,M
2022,EX,FT,Analytics_Engineer,150000,USD,150000,US,M
2022,EX,FT,Research_Scientist,80000,EUR,84053,NL,L
2022,EX,FT,Data_Science_Manager,260500,USD,260500,US,M
2022,EX,FT,Data_Science_Manager,175100,USD,175100,US,M
2022,EX,FT,Lead_Data_Engineer,150000,CAD,115222,CA,S
2022,EX,FT,Head_of_Machine_Learning,6000000,INR,76309,IN,L
2022,EX,FT,Data_Engineer,242000,USD,242000,US,M
2022,EX,FT,Data_Engineer,200000,USD,200000,US,M
2022,EX,FT,Data_Analyst,130000,USD,130000,US,M
2022,EX,FT,Data_Analyst,110000,USD,110000,US,M
2022,EX,FT,Head_of_Data_Science,224000,USD,224000,US,M
2022,EX,FT,Head_of_Data_Science,167875,USD,167875,US,M
2022,EX,FT,Analytics_Engineer,175000,USD,175000,US,M
2022,EX,FT,Analytics_Engineer,135000,USD,135000,US,M
2022,EX,FT,Data_Engineer,324000,USD,324000,US,M
2022,EX,FT,Data_Engineer,216000,USD,216000,US,M
2022,EX,FT,Director_of_Data_Science,250000,CAD,192037,CA,L
2022,MI,FT,Machine_Learning_Engineer,1650000,INR,20984,IN,L
2022,MI,FT,Data_Scientist,70000,EUR,73546,DE,M
2022,MI,FT,Business_Data_Analyst,48000,BRL,9289,BR,M
2022,MI,FT,Research_Scientist,23000,USD,23000,IN,L
2022,MI,FT,Data_Scientist,155000,USD,155000,US,L
2022,MI,FT,Computer_Vision_Engineer,1250000,INR,15897,IN,M
2022,MI,FT,Data_Scientist,110000,USD,110000,US,L
2022,MI,FT,Business_Data_Analyst,1440000,INR,18314,IN,L
2022,MI,FT,Data_Analyst,1125000,INR,14307,IN,L
2022,MI,FT,Data_Scientist,1100000,INR,13989,IN,L
2022,MI,FT,Data_Analyst,150000,USD,150000,US,M
2022,MI,FT,Data_Analyst,100000,USD,100000,US,M
2022,MI,FT,Data_Scientist,150000,USD,150000,US,M
2022,MI,FT,Data_Scientist,127500,USD,127500,US,M
2022,MI,FT,Data_Engineer,260000,USD,260000,US,M
2022,MI,FT,Data_Engineer,175000,USD,175000,US,M
2022,MI,FT,Data_Scientist,90000,EUR,94560,FR,M
2022,MI,FT,Data_Scientist,50000,EUR,52533,FR,M
2022,MI,FT,Data_Analyst,150000,USD,150000,US,M
2022,MI,FT,Data_Analyst,100000,USD,100000,US,M
2022,MI,FT,Data_Engineer,150000,USD,150000,US,M
2022,MI,FT,Data_Engineer,150000,USD,150000,US,M
2022,MI,FT,Data_Engineer,120000,USD,120000,US,M
2022,MI,FT,Data_Engineer,95000,USD,95000,US,M
2022,MI,FT,Data_Scientist,150000,USD,150000,US,M
2022,MI,FT,Data_Scientist,110000,USD,110000,US,M
2022,MI,FT,Data_Engineer,130000,USD,130000,US,M
2022,MI,FT,Data_Engineer,115000,USD,115000,US,M
2022,MI,FT,Data_Scientist,75000,GBP,92350,GB,M
2022,MI,FT,Data_Scientist,55000,GBP,67723,GB,M
2022,MI,FT,Data_Engineer,105000,USD,105000,US,M
2022,MI,FT,Data_Engineer,70000,USD,70000,US,M
2022,MI,FT,Data_Analyst,75000,USD,75000,US,M
2022,MI,FT,Data_Analyst,60000,USD,60000,US,M
2022,MI,FT,Data_Scientist,145000,USD,145000,US,M
2022,MI,FT,Data_Scientist,100000,USD,100000,US,M
2022,MI,FT,Data_Scientist,2500000,INR,31795,US,M
2022,MI,FT,NLP_Engineer,198000,PLN,44365,PL,S
2022,MI,FT,Data_Engineer,75000,GBP,92350,GB,M
2022,MI,FT,Data_Engineer,60000,GBP,73880,GB,M
2022,MI,FT,Data_Engineer,160000,USD,160000,US,M
2022,MI,FT,Data_Engineer,120000,USD,120000,US,M
2022,MI,FT,Data_Engineer,2800000,INR,35610,IN,L
2022,MI,FT,Data_Analyst,150000,USD,150000,US,M
2022,MI,FT,Data_Analyst,100000,USD,100000,US,M
2022,MI,FT,Analytics_Engineer,122500,USD,122500,US,M
2022,MI,FT,Analytics_Engineer,100000,USD,100000,US,M
2022,MI,FT,Computer_Vision_Engineer,56000,EUR,58837,FR,S
2022,MI,FT,Data_Analyst,102640,USD,102640,US,M
2022,MI,FT,Data_Analyst,66100,USD,66100,US,M
2022,MI,FT,Data_Engineer,130000,USD,130000,US,M
2022,MI,FT,Data_Engineer,80000,USD,80000,US,M
2022,MI,FT,Data_Engineer,187000,USD,187000,US,M
2022,MI,FT,Data_Engineer,153000,USD,153000,US,M
2022,MI,FT,Data_Analyst,350000,GBP,430967,GB,M
2022,MI,FT,Data_Analyst,45000,GBP,55410,GB,M
2022,MI,FT,Data_Analyst,75000,USD,75000,US,M
2022,MI,FT,Data_Analyst,60000,USD,60000,US,M
2022,MI,FT,MLOps_Engineer,134000,USD,134000,US,M
2022,MI,FT,MLOps_Engineer,124000,USD,124000,US,M
2022,MI,FT,Data_Analyst,100000,USD,100000,US,M
2022,MI,FT,Data_Analyst,65000,USD,65000,US,M
2022,MI,FT,Data_Analyst,150000,USD,150000,US,M
2022,MI,FT,Data_Analyst,100000,USD,100000,US,M
2022,MI,FT,Machine_Learning_Engineer,130000,USD,130000,US,M
2022,MI,FT,Machine_Learning_Engineer,90000,USD,90000,US,M
2022,MI,FT,Machine_Learning_Researcher,150000,USD,150000,US,M
2022,MI,FT,Machine_Learning_Researcher,100000,USD,100000,US,M
2022,MI,FT,Machine_Learning_Engineer,230000,USD,230000,US,M
2022,MI,FT,Machine_Learning_Engineer,150000,USD,150000,US,M
2022,MI,FT,Machine_Learning_Researcher,130000,USD,130000,US,M
2022,MI,FT,Machine_Learning_Researcher,100000,USD,100000,US,M
2022,MI,FT,Data_Scientist,180000,USD,180000,US,M
2022,MI,FT,Data_Scientist,120000,USD,120000,US,M
2022,MI,FT,Data_Scientist,60000,EUR,63040,FR,M
2022,MI,FT,Data_Scientist,50000,EUR,52533,FR,M
2022,MI,FT,Machine_Learning_Scientist,165000,USD,165000,US,M
2022,MI,FT,Machine_Learning_Scientist,135000,USD,135000,US,M
2022,MI,FT,Data_Scientist,120000,USD,120000,US,M
2022,MI,FT,Data_Engineer,105120,EUR,110446,LT,M
2022,MI,FT,Data_Engineer,75360,EUR,79178,LT,M
2022,MI,FT,Data_Science_Consultant,57000,GBP,70186,GB,M
2022,MI,FT,Data_Science_Consultant,42000,GBP,51716,GB,M
2022,MI,FT,Data_Analyst,150000,USD,150000,US,M
2022,MI,FT,Data_Analyst,100000,USD,100000,US,M
2022,MI,FT,Data_Engineer,160000,USD,160000,US,M
2022,MI,FT,Data_Engineer,75000,USD,75000,US,M
2022,MI,FT,Data_Scientist,61000,EUR,64090,DE,M
2022,MI,FT,Data_Scientist,58000,EUR,60938,DE,M
2022,MI,FT,Data_Scientist,130000,USD,130000,US,M
2022,MI,FT,Data_Scientist,90000,USD,90000,US,M
2022,MI,FT,Data_Analyst,165000,USD,165000,US,M
2022,MI,FT,Data_Analyst,124000,USD,124000,US,M
2022,MI,FT,Machine_Learning_Researcher,137000,CAD,105236,CA,L
2022,MI,FT,Data_Analyst,160000,USD,160000,US,M
2022,MI,FT,Data_Analyst,109000,USD,109000,US,M
2022,MI,FT,Data_Analyst,206000,USD,206000,US,M
2022,MI,FT,Data_Analyst,160000,USD,160000,US,M
2022,MI,FT,Data_Analyst,150000,USD,150000,US,M
2022,MI,FT,Data_Analyst,100000,USD,100000,US,M
2022,MI,FT,Data_Engineer,120000,USD,120000,US,M
2022,MI,FT,Data_Engineer,95000,USD,95000,US,M
2022,MI,FT,Data_Analyst,80000,USD,80000,US,L
2022,MI,FT,Data_Analytics_Manager,155000,USD,155000,US,M
2022,MI,FT,Data_Analytics_Manager,140000,USD,140000,US,M
2022,MI,FT,Data_Scientist,180000,USD,180000,US,M
2022,MI,FT,Data_Scientist,120000,USD,120000,US,M
2022,MI,FT,Data_Engineer,160000,USD,160000,US,M
2022,MI,FT,Data_Engineer,90000,USD,90000,US,M
2022,MI,FT,Data_Specialist,165000,USD,165000,US,M
2022,MI,FT,Data_Specialist,135000,USD,135000,US,M
2022,MI,FT,Deep_Learning_Engineer,70000,GBP,86193,GB,M
2022,MI,FT,Deep_Learning_Engineer,40000,GBP,49253,GB,M
2022,MI,FT,BI_Data_Analyst,100000,EUR,105066,FR,M
2022,MI,FT,Analytics_Engineer,85000,GBP,104663,GB,M
2022,MI,FT,Analytics_Engineer,60000,GBP,73880,GB,M
2022,MI,FT,Data_Analyst,165000,USD,165000,US,M
2022,MI,FT,Data_Analyst,124000,USD,124000,US,M
2022,MI,FT,Data_Analyst,150000,USD,150000,US,M
2022,MI,FT,Data_Analyst,100000,USD,100000,US,M
2022,MI,FT,Data_Engineer,120000,USD,120000,US,M
2022,MI,FT,Data_Engineer,95000,USD,95000,US,M
2022,MI,FT,Data_Analyst,100000,USD,100000,CA,M
2022,MI,FT,Data_Analyst,65000,USD,65000,CA,M
2022,MI,FT,Data_Engineer,120000,USD,120000,US,M
2022,MI,FT,Data_Engineer,95000,USD,95000,US,M
2022,MI,FT,Data_Engineer,161000,USD,161000,US,M
2022,MI,FT,Data_Engineer,118000,USD,118000,US,M
2022,MI,FT,Data_Engineer,80000,USD,80000,US,M
2022,MI,FT,Data_Engineer,65000,USD,65000,US,M
2022,MI,FT,Data_Engineer,175000,USD,175000,US,M
2022,MI,FT,Data_Engineer,135000,USD,135000,US,M
2022,MI,FT,Data_Analyst,150000,USD,150000,US,M
2022,MI,FT,Data_Analyst,100000,USD,100000,US,M
2022,MI,FT,Machine_Learning_Engineer,85000,GBP,104663,GB,M
2022,MI,FT,Machine_Learning_Engineer,65000,GBP,80036,GB,M
2022,MI,FT,Machine_Learning_Engineer,100000,CHF,104697,CH,L
2022,MI,FT,Data_Engineer,170000,USD,170000,US,M
2022,MI,FT,Data_Engineer,145000,USD,145000,US,M
2022,MI,FT,Data_Analyst,206000,USD,206000,US,M
2022,MI,FT,Data_Analyst,160000,USD,160000,US,M
2022,MI,FT,Data_Analyst,109000,USD,109000,US,M
2022,MI,FT,Data_Analyst,79000,USD,79000,US,M
2022,MI,FT,Data_Analyst,160000,USD,160000,US,M
2022,MI,FT,Data_Analyst,109000,USD,109000,US,M
2022,MI,FT,Data_Scientist_Lead,85000,EUR,89306,AT,L
2022,MI,FT,Data_Engineer,160000,USD,160000,US,M
2022,MI,FT,Data_Engineer,90000,USD,90000,US,M
2022,MI,FT,Machine_Learning_Engineer,130000,USD,130000,US,M
2022,MI,FT,Machine_Learning_Engineer,90000,USD,90000,US,M
2022,MI,FT,Data_Scientist,120000,USD,120000,US,M
2022,MI,FT,Data_Scientist,100000,USD,100000,US,M
2022,MI,FT,Data_Scientist,85000,USD,85000,US,M
2022,MI,FT,Data_Scientist,78000,USD,78000,US,M
2022,MI,FT,Data_Analyst,150000,USD,150000,US,M
2022,MI,FT,Data_Analyst,100000,USD,100000,US,M
2022,MI,FT,Data_Scientist,47000,GBP,57872,GB,M
2022,MI,FT,Research_Engineer,240000,USD,240000,US,M
2022,MI,FT,ML_Engineer,180000,USD,180000,US,M
2022,MI,FT,ML_Engineer,100000,USD,100000,US,M
2022,MI,FT,Data_Analyst,80000,USD,80000,US,M
2022,MI,FT,Data_Analyst,52500,USD,52500,US,M
2022,MI,FT,Data_Scientist,30000,USD,30000,MX,L
2022,MI,FT,Analytics_Engineer,78000,USD,78000,BR,M
2022,MI,FT,Analytics_Engineer,48000,USD,48000,BR,M
2022,MI,FT,Data_Engineer,78000,USD,78000,BR,M
2022,MI,FT,Data_Engineer,42000,USD,42000,BR,M
2022,MI,FT,BI_Analyst,78000,USD,78000,BR,M
2022,MI,FT,BI_Analyst,48000,USD,48000,BR,M
2022,MI,FT,Data_Scientist,84000,USD,84000,BR,M
2022,MI,FT,Data_Scientist,54000,USD,54000,BR,M
2022,MI,FT,Data_Analyst,85000,USD,85000,US,M
2022,MI,FT,Data_Analyst,65000,USD,65000,US,M
2022,MI,FT,Data_Engineer,90000,GBP,110820,GB,M
2022,MI,FT,Data_Engineer,75000,GBP,92350,GB,M
2022,MI,FT,ML_Engineer,148500,USD,148500,US,L
2022,MI,FT,ML_Engineer,98200,USD,98200,US,L
2022,MI,FT,Data_Manager,134000,USD,134000,US,M
2022,MI,FT,Data_Manager,98000,USD,98000,US,M
2022,MI,FT,Data_Analyst,105000,USD,105000,US,M
2022,MI,FT,Data_Analyst,62000,USD,62000,US,M
2022,MI,FT,Data_Scientist,144200,USD,144200,US,M
2022,MI,FT,Data_Scientist,115360,USD,115360,US,M
2022,MI,FT,Data_Scientist,120000,AUD,83171,AU,L
2022,MI,FT,Data_Scientist,108000,USD,108000,US,L
2022,MI,FT,Data_Scientist,72000,EUR,75648,DE,S
2022,MI,FT,NLP_Engineer,120000,CZK,5132,CZ,M
2022,MI,FT,Research_Scientist,120000,EUR,126080,DE,S
2022,MI,FT,Research_Scientist,80000,EUR,84053,DE,S
2022,MI,FT,Analytics_Engineer,108000,USD,108000,US,M
2022,MI,FT,Analytics_Engineer,85000,USD,85000,US,M
2022,MI,FT,BI_Data_Analyst,65000,AUD,45050,AU,L
2022,MI,FT,Data_Analytics_Engineer,135000,USD,135000,US,L
2022,MI,FT,Data_Scientist,10000,USD,10000,TR,M
2022,MI,FT,Data_Operations_Engineer,100000,USD,100000,US,M
2022,MI,FT,Data_Operations_Engineer,60000,USD,60000,US,M
2022,MI,FT,Data_Engineer,65000,GBP,80036,GB,M
2022,MI,FT,Data_Engineer,55000,GBP,67723,GB,M
2022,MI,FT,Business_Data_Analyst,150000,USD,150000,US,L
2022,MI,FT,Data_Scientist,83000,GBP,102200,GB,M
2022,MI,CT,NLP_Engineer,60000,USD,60000,US,S
2022,MI,FT,Data_Engineer,65000,GBP,80036,GB,M
2022,MI,FT,Data_Engineer,55000,GBP,67723,GB,M
2022,MI,FT,Data_Operations_Engineer,100000,USD,100000,US,M
2022,MI,FT,Data_Operations_Engineer,60000,USD,60000,US,M
2022,MI,FT,Data_Engineer,150000,USD,150000,US,M
2022,MI,FT,Data_Engineer,100000,USD,100000,US,M
2022,MI,FT,Data_Operations_Engineer,100000,USD,100000,US,M
2022,MI,FT,Data_Operations_Engineer,60000,USD,60000,US,M
2022,MI,FT,Data_Manager,134000,USD,134000,US,M
2022,MI,FT,Data_Manager,98000,USD,98000,US,M
2022,MI,FT,Data_Analyst,136000,USD,136000,US,M
2022,MI,FT,Data_Analyst,112000,USD,112000,US,M
2022,MI,FT,Data_Analyst,97500,USD,97500,US,L
2022,MI,FT,Data_Scientist,70000,EUR,73546,NL,L
2022,MI,FT,Financial_Data_Analyst,75000,USD,75000,US,M
2022,MI,FT,Data_Engineer,80000,EUR,84053,GR,M
2022,MI,FT,Data_Engineer,70000,EUR,73546,GR,M
2022,MI,FT,Data_Engineer,80000,GBP,98506,GB,M
2022,MI,FT,Data_Engineer,70000,GBP,86193,GB,M
2022,MI,FT,Data_Engineer,80000,EUR,84053,ES,M
2022,MI,FT,Data_Engineer,70000,EUR,73546,ES,M
2022,MI,FT,Data_Scientist,96000,GBP,118208,GB,M
2022,MI,FT,Data_Scientist,90000,GBP,110820,GB,M
2022,MI,FT,Applied_Machine_Learning_Scientist,75000,USD,75000,US,M
2022,MI,CT,Analytics_Engineer,7500,USD,7500,BO,M
2022,MI,FT,Data_Analyst,113000,USD,113000,US,L
2022,MI,FT,Data_Analytics_Consultant,113000,USD,113000,US,L
2022,MI,FT,Product_Data_Analyst,140000,USD,140000,US,M
2022,MI,FT,BI_Data_Analyst,77000,AUD,53368,AU,M
2022,MI,FT,Research_Scientist,145000,USD,145000,US,L
2022,MI,FT,Data_Scientist,225000,USD,225000,US,M
2022,MI,FT,Data_Scientist,160000,USD,160000,US,M
2022,MI,FT,Data_Scientist,52000,EUR,54634,NL,S
2022,MI,FT,Machine_Learning_Engineer,104000,GBP,128058,GB,L
2022,MI,FT,Applied_Machine_Learning_Scientist,173000,USD,173000,US,M
2022,MI,FT,Data_Science_Manager,158000,USD,158000,US,M
2022,MI,FT,Data_Science_Manager,134000,USD,134000,US,M
2022,MI,FT,Data_Scientist,110000,EUR,115573,NL,M
2022,MI,FT,Data_Scientist,85000,EUR,89306,NL,M
2022,MI,FT,Data_Engineer,80000,GBP,98506,GB,M
2022,MI,FT,Data_Engineer,60000,GBP,73880,GB,M
2022,MI,FT,Data_Analyst,450000,INR,5723,IN,S
2022,MI,FT,BI_Data_Analyst,48000,EUR,50432,DE,S
2022,MI,FT,Lead_Data_Scientist,50000,GBP,61566,GB,S
2022,MI,FT,Data_Engineer,24000,USD,24000,US,M
2022,MI,FT,Data_Engineer,24000,USD,24000,US,M
2022,MI,FT,Machine_Learning_Engineer,193900,USD,193900,US,M
2022,MI,FT,Machine_Learning_Engineer,129300,USD,129300,US,M
2022,MI,FT,Data_Analyst,216200,USD,216200,US,M
2022,MI,FT,Data_Analyst,144100,USD,144100,US,M
2022,MI,FT,Data_Scientist,4200000,INR,53416,ID,L
2022,MI,FT,Data_Scientist,107000,GBP,131752,GB,M
2022,MI,FT,Data_Analyst,130000,USD,130000,US,M
2022,MI,FL,Applied_Machine_Learning_Scientist,2400000,INR,30523,IN,S
2022,MI,FT,Analytics_Engineer,200000,USD,200000,US,M
2022,MI,FT,Analytics_Engineer,54000,USD,54000,US,M
2022,MI,FT,Data_Engineer,74000,GBP,91118,GB,M
2022,MI,FT,Data_Engineer,50000,GBP,61566,GB,M
2022,MI,FT,Data_Scientist,58000,EUR,60938,DE,S
2022,MI,FT,Data_Scientist,65000,GBP,80036,GB,M
2022,MI,FT,Data_Engineer,110000,GBP,135446,GB,M
2022,MI,FT,Data_Engineer,85000,GBP,104663,GB,M
2022,MI,FT,Data_Scientist,25000,USD,25000,TR,M
2022,MI,FT,Data_Analyst,90000,SGD,65257,SG,M
2022,MI,FT,AI_Scientist,200000,USD,200000,US,M
2022,MI,FT,Data_Scientist,153000,USD,153000,US,L
2022,MI,FT,Machine_Learning_Scientist,22800,USD,22800,EG,M
2022,MI,FT,Data_Engineer,75000,GBP,92350,GB,M
2022,MI,FT,Data_Engineer,55000,GBP,67723,GB,M
2022,MI,FT,Data_Engineer,62500,EUR,65666,DE,S
2022,MI,FT,AI_Scientist,200000,USD,200000,US,L
2022,MI,FT,Machine_Learning_Engineer,95000,GBP,116976,GB,M
2022,MI,FT,Machine_Learning_Engineer,75000,GBP,92350,GB,M
2022,MI,FT,AI_Scientist,120000,USD,120000,US,M
2022,MI,FT,Data_Engineer,90000,GBP,110820,GB,M
2022,MI,FT,Data_Engineer,75000,GBP,92350,GB,M
2022,MI,FT,Machine_Learning_Engineer,80000,EUR,84053,DE,M
2022,MI,FT,ETL_Developer,50000,EUR,52533,GR,M
2022,MI,FT,ETL_Developer,50000,EUR,52533,GR,M
2022,MI,FT,Data_Analyst,40000,GBP,49253,GB,M
2022,MI,FT,Data_Analyst,30000,GBP,36940,GB,M
2022,MI,FT,Data_Analyst,40000,EUR,42026,ES,M
2022,MI,FT,Data_Analyst,30000,EUR,31520,ES,M
2022,MI,FT,Data_Engineer,80000,EUR,84053,ES,M
2022,MI,FT,Data_Engineer,70000,EUR,73546,ES,M
2022,MI,FT,Data_Engineer,80000,GBP,98506,GB,M
2022,MI,FT,Data_Engineer,70000,GBP,86193,GB,M
2022,MI,FT,Data_Engineer,80000,EUR,84053,GR,M
2022,MI,FT,Data_Engineer,70000,EUR,73546,GR,M
2022,MI,FT,Data_Analyst,40000,EUR,42026,GR,M
2022,MI,FT,Data_Analyst,30000,EUR,31520,GR,M
2022,MI,FT,Data_Engineer,75000,GBP,92350,GB,M
2022,MI,FT,Data_Engineer,60000,GBP,73880,GB,M
2022,MI,FT,Data_Engineer,60000,EUR,63040,ES,M
2022,MI,FT,Data_Engineer,45000,EUR,47280,ES,M
2022,MI,FT,Data_Scientist,55000,GBP,67723,GB,M
2022,MI,FT,Data_Scientist,35000,GBP,43096,GB,M
2022,MI,FT,Data_Engineer,60000,EUR,63040,GR,M
2022,MI,FT,Data_Engineer,45000,EUR,47280,GR,M
2022,MI,FT,Data_Engineer,60000,GBP,73880,GB,M
2022,MI,FT,Data_Engineer,45000,GBP,55410,GB,M
2022,MI,FT,Data_Engineer,82900,USD,82900,US,M
2022,MI,FT,Data_Engineer,63900,USD,63900,US,M
2022,MI,FT,Machine_Learning_Scientist,160000,USD,160000,US,L
2022,MI,FT,Machine_Learning_Scientist,112300,USD,112300,US,L
2022,MI,FT,Data_Science_Manager,241000,USD,241000,US,M
2022,MI,FT,Data_Science_Manager,159000,USD,159000,US,M
2022,MI,FT,Data_Analyst,58000,USD,58000,US,S
2022,MI,FT,Data_Analyst,58000,USD,58000,US,S
2022,MI,FT,Data_Scientist,50000,GBP,61566,GB,M
2022,MI,FT,Data_Scientist,30000,GBP,36940,GB,M
2022,MI,FT,Data_Engineer,60000,GBP,73880,GB,M
2022,MI,FT,Data_Engineer,40000,GBP,49253,GB,M
2022,MI,FT,Data_Analyst,126500,USD,126500,US,M
2022,MI,FT,Data_Analyst,106260,USD,106260,US,M
2022,MI,FT,Data_Scientist,130000,USD,130000,US,M
2022,MI,FT,Data_Scientist,90000,USD,90000,US,M
2022,MI,FT,Data_Engineer,170000,USD,170000,US,M
2022,MI,FT,Data_Engineer,150000,USD,150000,US,M
2022,MI,FT,Data_Analyst,167000,USD,167000,US,M
2022,MI,FT,Data_Analyst,115500,USD,115500,US,M
2022,MI,FT,Data_Analyst,85000,USD,85000,CA,M
2022,MI,FT,Data_Analyst,75000,USD,75000,CA,M
2022,MI,FT,Data_Scientist,141300,USD,141300,US,M
2022,MI,FT,Data_Scientist,102100,USD,102100,US,M
2022,MI,FT,Data_Engineer,206699,USD,206699,US,M
2022,MI,FT,Data_Engineer,99100,USD,99100,US,M
2022,MI,FT,Data_Analyst,50000,GBP,61566,GB,M
2022,MI,FT,Data_Analyst,35000,GBP,43096,GB,M
2022,MI,FT,Data_Scientist,160000,USD,160000,US,M
2022,MI,FT,Data_Scientist,130000,USD,130000,US,M
2022,MI,FT,Data_Analyst,135000,USD,135000,US,M
2022,MI,FT,Data_Analyst,50000,USD,50000,US,M
2022,MI,FT,Data_Scientist,140000,GBP,172386,GB,M
2022,MI,FT,Data_Scientist,70000,GBP,86193,GB,M
2022,MI,FT,Data_Scientist,200000,USD,200000,US,M
2022,MI,FT,Data_Scientist,120000,USD,120000,US,M
2022,MI,FT,Machine_Learning_Developer,100000,CAD,76814,CA,M
2022,MI,FT,Machine_Learning_Engineer,120000,USD,120000,US,S
2022,MI,FT,Business_Data_Analyst,1400000,INR,17805,IN,M
2022,MI,FT,Data_Scientist,2400000,INR,30523,IN,L
2022,MI,FT,Machine_Learning_Infrastructure_Engineer,53000,EUR,55685,PT,L
2022,MI,PT,Data_Engineer,50000,EUR,52533,DE,L
2022,MI,FT,Applied_Machine_Learning_Scientist,75000,USD,75000,US,L
2022,MI,FT,Applied_Data_Scientist,157000,USD,157000,US,L
2022,MI,FT,Business_Data_Analyst,90000,CAD,69133,CA,L
2022,MI,FT,Data_Scientist,88000,CAD,67597,CA,M
2022,MI,FT,Data_Analyst,20000,USD,20000,GR,S
2022,MI,FT,Data_Scientist,78000,USD,78000,US,M
2022,MI,FT,Machine_Learning_Engineer,121000,AUD,83864,AU,L
2022,MI,FT,Head_of_Data,30000,EUR,31520,EE,S
2022,MI,FT,Machine_Learning_Scientist,153000,USD,153000,US,M
2022,MI,FT,Data_Scientist,150000,PLN,33609,PL,L
2022,MI,FT,Principal_Data_Analyst,75000,USD,75000,CA,S
2022,MI,FT,Research_Scientist,59000,EUR,61989,AT,L
2022,MI,FT,Data_Scientist,135000,USD,135000,US,L
2022,MI,FT,Data_Scientist,115000,CHF,120402,CH,L
2022,MI,FT,Data_Engineer,62000,EUR,65141,FR,M
2022,MI,FT,Data_Scientist,48000,USD,48000,US,S
2022,MI,FL,Data_Scientist,100000,USD,100000,US,M
2022,SE,FT,Data_Scientist,84000,EUR,88256,GB,L
2022,SE,FT,AI_Developer,275000,USD,275000,CA,S
2022,SE,FT,Lead_Data_Scientist,164000,EUR,172309,IE,L
2022,SE,FT,BI_Developer,130000,USD,130000,US,L
2022,SE,FT,Lead_Data_Scientist,192000,USD,192000,US,L
2022,SE,FT,Machine_Learning_Software_Engineer,375000,USD,375000,US,M
2022,SE,FT,Machine_Learning_Engineer,80000,EUR,84053,FR,L
2022,SE,FT,Data_Analytics_Manager,133000,USD,133000,NL,L
2022,SE,FT,Manager_Data_Management,125000,USD,125000,US,L
2022,SE,FT,Data_Engineer,175000,USD,175000,US,M
2022,SE,FT,Data_Engineer,155000,USD,155000,US,M
2022,SE,FT,Data_Engineer,153600,USD,153600,US,M
2022,SE,FT,Data_Engineer,106800,USD,106800,US,M
2022,SE,FT,Data_Scientist,150000,USD,150000,US,M
2022,SE,FT,Data_Scientist,140000,USD,140000,US,M
2022,SE,FT,Data_Science_Consultant,122000,USD,122000,US,M
2022,SE,FT,Data_Science_Consultant,94500,USD,94500,US,M
2022,SE,FT,Data_Engineer,170000,USD,170000,US,M
2022,SE,FT,Data_Engineer,130000,USD,130000,US,M
2022,SE,FT,Data_Science_Consultant,145000,USD,145000,US,M
2022,SE,FT,Data_Science_Consultant,128000,USD,128000,US,M
2022,SE,FT,Data_Engineer,145000,USD,145000,US,M
2022,SE,FT,Data_Engineer,100000,USD,100000,US,M
2022,SE,FT,Data_Engineer,175000,USD,175000,US,M
2022,SE,FT,Data_Engineer,120000,USD,120000,US,M
2022,,FT,Data_Engineer,145000,USD,145000,US,M
2022,SE,FT,Data_Engineer,115000,USD,115000,US,M
2022,SE,FT,Applied_Machine_Learning_Scientist,150000,USD,150000,US,M
2022,SE,FT,Data_Scientist,126500,USD,126500,US,M
2022,SE,FT,Data_Scientist,51000,USD,51000,US,M
2022,SE,FT,,250000,USD,250000,US,M
2022,SE,FT,Data_Engineer,63000,USD,63000,US,M
2022,SE,FT,Machine_Learning_Engineer,210000,USD,210000,US,M
2022,SE,FT,Machine_Learning_Engineer,160000,USD,160000,US,M
2022,SE,FT,Data_Scientist,272550,USD,272550,US,M
2022,SE,FT,Data_Scientist,198200,USD,198200,US,M
2022,SE,FT,Data_Scientist,220000,USD,220000,US,M
2022,SE,FT,Data_Scientist,146000,USD,146000,US,M
2022,SE,FT,Machine_Learning_Software_Engineer,248400,USD,248400,CA,M
2022,SE,FT,Machine_Learning_Software_Engineer,183600,USD,183600,CA,M
2022,SE,FT,Lead_Data_Scientist,4460000,INR,56723,IN,L
2022,SE,FT,Data_Engineer,216000,USD,216000,US,M
2022,SE,FT,Data_Engineer,144000,USD,144000,US,M
2022,SE,FT,Data_Analyst,149000,USD,149000,US,M
2022,SE,FT,Data_Analyst,119000,USD,119000,US,M
2022,SE,FT,,140000,USD,140000,US,M
2022,SE,FT,Data_Scientist,120000,USD,120000,US,M
2022,SE,FT,Machine_Learning_Engineer,246000,USD,246000,US,M
2022,SE,FT,Machine_Learning_Engineer,201000,USD,201000,US,M
2022,SE,FT,Data_Scientist,190000,USD,190000,US,M
2022,SE,FT,Data_Scientist,155000,USD,155000,US,M
2022,SE,FT,ML_Engineer,235000,USD,235000,US,M
2022,SE,FT,ML_Engineer,185000,USD,185000,US,M
2022,SE,FT,Cloud_Database_Engineer,190000,USD,190000,US,M
2022,SE,FT,Cloud_Database_Engineer,160000,USD,160000,US,M
2022,SE,FT,Machine_Learning_Engineer,204500,USD,204500,US,M
2022,SE,FT,Machine_Learning_Engineer,142200,USD,142200,US,M
2022,SE,FT,Machine_Learning_Engineer,,USD,192000,US,M
2022,SE,FT,,164000,USD,164000,US,M
2022,SE,FT,Data_Engineer,185900,USD,185900,US,M
2022,SE,FT,Data_Engineer,129300,USD,129300,US,M
2022,SE,FT,Data_Engineer,130000,USD,130000,US,M
2022,SE,FT,Data_Engineer,75000,USD,75000,US,M
2022,SE,FT,Data_Science_Manager,175000,USD,175000,US,M
2022,SE,FT,Data_Science_Manager,120000,USD,120000,US,M
2022,SE,FT,Data_Engineer,167500,USD,167500,US,M
2022,,FT,Data_Engineer,106500,USD,106500,US,M
2022,SE,FT,Applied_Scientist,184000,USD,184000,US,M
2022,SE,FT,Applied_Scientist,142000,USD,,US,M
2022,SE,FT,Data_Engineer,175000,USD,175000,US,M
2022,SE,FT,Data_Engineer,,USD,120000,US,M
2022,SE,FT,Data_Engineer,175000,USD,175000,US,M
2022,SE,FT,Data_Engineer,120000,USD,120000,US,M
2022,SE,FT,Data_Engineer,145000,USD,145000,US,M
2022,SE,FT,Data_Engineer,100000,USD,100000,US,M
2022,SE,FT,Applied_Scientist,192000,USD,192000,US,M
2022,SE,FT,Applied_Scientist,164000,USD,164000,US,M
2022,SE,FT,Data_Analyst,120000,USD,120000,US,M
2022,SE,FT,Data_Analyst,95000,USD,95000,US,M
2022,SE,FT,,145000,USD,145000,US,M
2022,SE,FT,Machine_Learning_Engineer,135000,USD,135000,US,M
2022,SE,FT,Data_Engineer,100000,USD,100000,US,M
2022,SE,FT,Data_Engineer,78000,USD,78000,US,M
2022,SE,FT,,70000,EUR,73546,ES,M
2022,SE,FT,Data_Engineer,35000,EUR,36773,ES,M
2022,SE,FT,Data_Scientist,190000,USD,190000,US,M
2022,SE,FT,Data_Scientist,150000,USD,150000,US,M
2022,SE,FT,AI_Scientist,125000,USD,125000,CO,L
2022,SE,FT,Data_Engineer,120000,USD,120000,US,M
2022,SE,FT,Data_Engineer,95000,USD,95000,US,M
2022,SE,FT,Data_Scientist,45000,EUR,47280,ES,M
2022,SE,FT,Data_Scientist,36000,EUR,37824,ES,M
2022,SE,FT,Data_Analyst,,USD,115934,US,M
2022,SE,FT,Data_Analyst,81666,USD,81666,US,M
2022,SE,FT,Data_Scientist,175000,USD,175000,US,M
2022,SE,FT,Data_Scientist,140000,USD,140000,US,M
2022,SE,FT,Data_Engineer,120000,USD,120000,US,M
2022,SE,FT,Data_Engineer,95000,USD,95000,US,M
2022,SE,FT,Research_Engineer,249500,USD,249500,US,M
2022,SE,FT,Research_Engineer,149850,USD,149850,US,M
2022,SE,FT,Data_Scientist,249500,USD,249500,US,M
2022,SE,FT,Data_Scientist,149850,USD,149850,US,M
2022,SE,FT,Research_Scientist,249500,USD,249500,US,M
2022,SE,FT,Research_Scientist,149850,USD,149850,US,M
2022,SE,FT,Data_Engineer,190000,USD,190000,US,M
2022,SE,FT,Data_Engineer,120000,USD,120000,US,M
2022,SE,FT,Data_Analyst,127000,USD,127000,US,M
2022,SE,FT,Data_Analyst,104000,USD,104000,US,M
2022,SE,FT,Data_Scientist,210000,USD,210000,US,M
2022,SE,FT,Data_Scientist,150000,USD,150000,US,M
2022,SE,FT,Machine_Learning_Engineer,210000,USD,210000,US,M
2022,SE,FT,Machine_Learning_Engineer,150000,USD,150000,US,M
2022,SE,FT,Data_Engineer,210000,USD,210000,US,M
2022,SE,FT,Data_Engineer,130000,USD,130000,US,M
2022,SE,FT,Data_Scientist,182750,USD,182750,US,M
2022,SE,FT,Data_Scientist,161500,USD,161500,US,M
2022,SE,FT,Research_Scientist,210000,USD,210000,US,M
2022,SE,FT,Research_Scientist,150000,USD,150000,US,M
2022,SE,FT,Data_Engineer,198800,USD,198800,US,M
2022,SE,FT,Data_Engineer,122600,USD,122600,US,M
2022,SE,FT,Data_Scientist,136000,USD,136000,US,M
2022,SE,FT,Data_Scientist,104000,USD,104000,US,M
2022,SE,FT,Data_Analyst,150000,USD,150000,US,M
2022,SE,FT,Data_Analyst,100000,USD,100000,US,M
2022,SE,FT,Data_Engineer,216000,USD,216000,US,M
2022,SE,FT,Data_Engineer,144000,USD,144000,US,M
2022,SE,FT,Data_Analyst,115934,USD,115934,US,M
2022,SE,FT,Data_Analyst,81666,USD,81666,US,M
2022,SE,FT,Data_Engineer,215000,USD,215000,US,M
2022,SE,FT,Data_Engineer,150000,USD,150000,US,M
2022,SE,FT,Machine_Learning_Engineer,246000,USD,246000,US,M
2022,SE,FT,Machine_Learning_Engineer,201000,USD,201000,US,M
2022,SE,FT,Machine_Learning_Engineer,255000,USD,255000,MX,M
2022,SE,FT,Machine_Learning_Engineer,185000,USD,185000,MX,M
2022,SE,FT,Data_Analyst,48000,EUR,50432,ES,M
2022,SE,FT,Data_Analyst,38000,EUR,39925,ES,M
2022,SE,FT,Data_Analyst,169000,USD,169000,US,M
2022,SE,FT,Data_Analyst,110600,USD,110600,US,M
2022,SE,FT,BI_Developer,140000,USD,140000,US,M
2022,SE,FT,BI_Developer,120000,USD,120000,US,M
2022,SE,FT,3D_Computer_Vision_Researcher,10000,USD,10000,AL,S
2022,SE,FT,Data_Analyst,166700,USD,166700,US,M
2022,SE,FT,Data_Analyst,119000,USD,119000,US,M
2022,SE,FT,Data_Engineer,220000,USD,220000,US,M
2022,SE,FT,Data_Engineer,146000,USD,146000,US,M
2022,SE,FT,Data_Engineer,65000,EUR,68293,ES,M
2022,SE,FT,Data_Engineer,35000,EUR,36773,ES,M
2022,SE,FT,Data_Specialist,110000,USD,110000,US,M
2022,SE,FT,Data_Specialist,70000,USD,70000,US,M
2022,SE,FT,Data_Engineer,120000,USD,120000,US,M
2022,SE,FT,Data_Engineer,95000,USD,95000,US,M
2022,SE,FT,Data_Scientist,45000,EUR,47280,ES,M
2022,SE,FT,Data_Scientist,36000,EUR,37824,ES,M
2022,SE,FT,Data_Architect,190000,USD,190000,US,M
2022,SE,FT,Data_Architect,135000,USD,135000,US,M
2022,SE,FT,Data_Scientist,128000,USD,128000,US,M
2022,SE,FT,Data_Scientist,81500,USD,81500,US,M
2022,SE,FT,Data_Scientist,173000,USD,173000,US,M
2022,SE,FT,Data_Scientist,110000,USD,110000,US,M
2022,SE,FT,Machine_Learning_Engineer,192000,USD,192000,US,M
2022,SE,FT,Machine_Learning_Engineer,120000,USD,120000,US,M
2022,SE,FT,Data_Analyst,115934,USD,115934,US,M
2022,SE,FT,Data_Analyst,81666,USD,81666,US,M
2022,SE,FT,Data_Analyst,120000,USD,120000,US,M
2022,SE,FT,Data_Analyst,95000,USD,95000,US,M
2022,SE,FT,Principal_Machine_Learning_Engineer,190000,USD,190000,US,L
2022,SE,FT,Data_Engineer,194000,USD,194000,US,M
2022,SE,FT,Data_Engineer,129400,USD,129400,US,M
2022,SE,FT,Data_Analyst,201000,USD,201000,US,M
2022,SE,FT,Data_Analyst,89200,USD,89200,US,M
2022,SE,FT,Data_Scientist,165000,USD,165000,US,M
2022,SE,FT,Data_Scientist,125000,USD,125000,US,M
2022,SE,FT,Applied_Scientist,230000,USD,230000,US,M
2022,SE,FT,Applied_Scientist,196000,USD,196000,US,M
2022,SE,FT,Data_Engineer,153600,USD,153600,US,M
2022,SE,FT,Data_Engineer,106800,USD,106800,US,M
2022,SE,FT,Data_Engineer,216000,USD,216000,US,M
2022,SE,FT,Data_Engineer,144000,USD,144000,US,M
2022,SE,FT,Data_Analyst,192500,USD,192500,US,M
2022,SE,FT,Data_Analyst,140000,USD,140000,US,M
2022,SE,FT,Data_Engineer,152500,USD,152500,US,M
2022,SE,FT,Data_Engineer,130000,USD,130000,US,M
2022,SE,FT,Data_Analyst,65000,USD,65000,US,M
2022,SE,FT,Data_Analyst,55000,USD,55000,US,M
2022,SE,FT,Data_Engineer,178750,USD,178750,US,M
2022,SE,FT,Data_Engineer,160000,USD,160000,US,M
2022,SE,FT,Analytics_Engineer,170000,USD,170000,US,M
2022,SE,FT,Analytics_Engineer,125000,USD,125000,US,M
2022,SE,FT,Data_Engineer,105000,USD,105000,US,M
2022,SE,FT,Data_Engineer,70000,USD,70000,US,M
2022,SE,FT,Data_Scientist,130000,USD,130000,US,M
2022,SE,FT,Data_Scientist,95000,USD,95000,US,M
2022,SE,FT,Data_Scientist,203500,USD,203500,US,M
2022,SE,FT,Data_Scientist,152000,USD,152000,US,M
2022,SE,FT,Data_Engineer,197430,USD,197430,US,M
2022,SE,FT,Data_Engineer,134760,USD,134760,US,M
2022,SE,FT,Data_Engineer,197000,USD,197000,US,M
2022,SE,FT,Data_Engineer,99000,USD,99000,US,M
2022,SE,FT,Data_Engineer,220000,USD,220000,US,M
2022,SE,FT,Data_Engineer,162000,USD,162000,US,M
2022,SE,FT,Data_Architect,149040,USD,149040,US,M
2022,SE,FT,Data_Architect,113900,USD,113900,US,M
2022,SE,FT,Data_Analyst,171000,USD,171000,AU,L
2022,SE,FT,Data_Engineer,100000,USD,100000,US,M
2022,SE,FT,Data_Engineer,78000,USD,78000,US,M
2022,SE,FT,Data_Engineer,120000,USD,120000,US,M
2022,SE,FT,Data_Engineer,95000,USD,95000,US,M
2022,SE,FT,Data_Specialist,110000,USD,110000,US,M
2022,SE,FT,Data_Specialist,70000,USD,70000,US,M
2022,SE,FT,Data_Scientist,185900,USD,185900,US,M
2022,SE,FT,Data_Scientist,129300,USD,129300,US,M
2022,SE,FT,Data_Engineer,230000,USD,230000,US,M
2022,SE,FT,Data_Engineer,154600,USD,154600,US,M
2022,SE,FT,Machine_Learning_Engineer,204500,USD,204500,US,M
2022,SE,FT,Machine_Learning_Engineer,142200,USD,142200,US,M
2022,SE,FT,Data_Scientist,45000,EUR,47280,ES,M
2022,SE,FT,Data_Scientist,36000,EUR,37824,ES,M
2022,SE,FT,Data_Engineer,213000,USD,213000,US,M
2022,SE,FT,Data_Engineer,152000,USD,152000,US,M
2022,SE,FT,Data_Scientist,140000,USD,140000,US,M
2022,SE,FT,Data_Scientist,120000,USD,120000,US,M
2022,SE,FT,Data_Scientist,110000,USD,110000,US,M
2022,SE,FT,Data_Scientist,70000,USD,70000,US,M
2022,SE,FT,Machine_Learning_Software_Engineer,227200,USD,227200,CA,M
2022,SE,FT,Machine_Learning_Software_Engineer,168000,USD,168000,CA,M
2022,SE,FT,ML_Engineer,243000,USD,243000,US,M
2022,SE,FT,ML_Engineer,183000,USD,183000,US,M
2022,SE,FT,Data_Engineer,175000,USD,175000,US,M
2022,SE,FT,Data_Engineer,150000,USD,150000,US,M
2022,SE,FT,Data_Engineer,178000,USD,178000,CA,M
2022,SE,FT,Data_Engineer,132000,USD,132000,CA,M
2022,SE,FT,Data_Engineer,300000,USD,300000,US,M
2022,SE,FT,Data_Engineer,130000,USD,130000,US,M
2022,SE,FT,Data_Analyst,169000,USD,169000,US,M
2022,SE,FT,Data_Analyst,110600,USD,110600,US,M
2022,SE,FT,Data_Analyst,116000,USD,116000,US,M
2022,SE,FT,Data_Analyst,96000,USD,96000,US,M
2022,SE,FT,Data_Analyst,75000,GBP,92350,GB,M
2022,SE,FT,Data_Analyst,57000,GBP,70186,GB,M
2022,SE,FT,Data_Analyst,105000,USD,105000,US,M
2022,SE,FT,Data_Analyst,70000,USD,70000,US,M
2022,SE,FT,Data_Engineer,194000,USD,194000,US,M
2022,SE,FT,Data_Engineer,129400,USD,129400,US,M
2022,SE,FT,Data_Architect,190000,USD,190000,US,M
2022,SE,FT,Data_Architect,135000,USD,135000,US,M
2022,SE,FT,Data_Analyst,100000,USD,100000,US,M
2022,SE,FT,Data_Analyst,70000,USD,70000,US,M
2022,SE,FT,Data_Analyst,130000,USD,130000,US,M
2022,SE,FT,Data_Analyst,100000,USD,100000,US,M
2022,SE,FT,Research_Engineer,250000,USD,250000,US,M
2022,SE,FT,Research_Engineer,150000,USD,150000,US,M
2022,SE,FT,Data_Engineer,135000,USD,135000,US,M
2022,SE,FT,Data_Engineer,120000,USD,120000,US,M
2022,SE,FT,Machine_Learning_Engineer,110000,EUR,115573,FR,M
2022,SE,FT,Machine_Learning_Engineer,70000,EUR,73546,FR,M
2022,SE,FT,Data_Engineer,65000,EUR,68293,ES,M
2022,SE,FT,Data_Engineer,40000,EUR,42026,ES,M
2022,SE,FT,Data_Engineer,191200,USD,191200,US,M
2022,SE,FT,Data_Engineer,130000,USD,130000,US,M
2022,SE,FT,Data_Engineer,191200,USD,191200,US,M
2022,SE,FT,Data_Engineer,130000,USD,130000,US,M
2022,SE,FT,Data_Engineer,230000,USD,230000,US,L
2022,SE,FT,Data_Engineer,154600,USD,154600,US,L
2022,SE,FT,Data_Engineer,120000,USD,120000,US,M
2022,SE,FT,Data_Engineer,95000,USD,95000,US,M
2022,SE,FT,Data_Scientist,140000,USD,140000,US,M
2022,SE,FT,Data_Scientist,120000,USD,120000,US,M
2022,SE,FT,Data_Analyst,169000,USD,169000,US,M
2022,SE,FT,Data_Analyst,110600,USD,110600,US,M
2022,SE,FT,Data_Engineer,185900,USD,185900,US,M
2022,SE,FT,Data_Engineer,129300,USD,129300,US,M
2022,SE,FT,Analytics_Engineer,135000,USD,135000,US,M
2022,SE,FT,Analytics_Engineer,110000,USD,110000,US,M
2022,SE,FT,Data_Engineer,205000,USD,205000,US,M
2022,SE,FT,Data_Engineer,150000,USD,150000,US,M
2022,SE,FT,Data_Engineer,179500,USD,179500,US,M
2022,SE,FT,Data_Engineer,134000,USD,134000,US,M
2022,SE,FT,Data_Scientist,185900,USD,185900,US,M
2022,SE,FT,Data_Scientist,129300,USD,129300,US,M
2022,SE,FT,Data_Scientist,175000,USD,175000,US,M
2022,SE,FT,Data_Scientist,145000,USD,145000,US,M
2022,SE,FT,Data_Architect,235000,USD,235000,US,M
2022,SE,FT,Data_Architect,175000,USD,175000,US,M
2022,SE,FT,Data_Engineer,65000,EUR,68293,ES,M
2022,SE,FT,Data_Engineer,35000,EUR,36773,ES,M
2022,SE,FT,Data_Engineer,145000,USD,145000,US,M
2022,SE,FT,Data_Engineer,115000,USD,115000,US,M
2022,SE,FT,Data_Engineer,168400,USD,168400,US,M
2022,SE,FT,Data_Engineer,105200,USD,105200,US,M
2022,SE,FT,Data_Engineer,200000,USD,200000,US,M
2022,SE,FT,Data_Engineer,160000,USD,160000,US,M
2022,SE,FT,Data_Scientist,45000,EUR,47280,ES,M
2022,SE,FT,Data_Scientist,36000,EUR,37824,ES,M
2022,SE,FT,Data_Scientist,198800,USD,198800,US,M
2022,SE,FT,Data_Scientist,122600,USD,122600,US,M
2022,SE,FT,Data_Analyst,130000,USD,130000,US,M
2022,SE,FT,Data_Analyst,100000,USD,100000,US,M
2022,SE,FT,Data_Engineer,125000,USD,125000,US,M
2022,SE,FT,Data_Engineer,110000,USD,110000,US,M
2022,SE,FT,Data_Scientist,148000,USD,148000,US,M
2022,SE,FT,Data_Scientist,107000,USD,107000,US,M
2022,SE,FT,Data_Engineer,153600,USD,153600,US,M
2022,SE,FT,Data_Engineer,106800,USD,106800,US,M
2022,SE,FT,Data_Engineer,60000,EUR,63040,PT,M
2022,SE,FT,Data_Engineer,35000,EUR,36773,PT,M
2022,SE,FT,Data_Science_Manager,299500,USD,299500,US,M
2022,SE,FT,Data_Science_Manager,245100,USD,245100,US,M
2022,SE,FT,Data_Scientist,168000,USD,168000,US,M
2022,SE,FT,Data_Scientist,130000,USD,130000,US,M
2022,SE,FT,Data_Scientist,136000,USD,136000,US,M
2022,SE,FT,Data_Scientist,104000,USD,104000,US,M
2022,SE,FT,Applied_Scientist,205000,USD,205000,US,M
2022,SE,FT,Applied_Scientist,184000,USD,184000,US,M
2022,SE,FT,Data_Scientist,185900,USD,185900,US,M
2022,SE,FT,Data_Scientist,129300,USD,129300,US,M
2022,SE,FT,Data_Science_Manager,247500,USD,247500,US,M
2022,SE,FT,Data_Science_Manager,172200,USD,172200,US,M
2022,SE,FT,Data_Management_Specialist,65000,EUR,68293,IT,L
2022,SE,FT,Data_Analyst,177000,USD,177000,US,M
2022,SE,FT,Data_Analyst,131000,USD,131000,US,M
2022,SE,FT,Applied_Scientist,205000,USD,205000,US,M
2022,SE,FT,Applied_Scientist,184000,USD,184000,US,M
2022,SE,FT,Data_Engineer,146000,USD,146000,US,M
2022,SE,FT,Data_Engineer,102000,USD,102000,US,M
2022,SE,FT,Data_Analyst,169000,USD,169000,US,M
2022,SE,FT,Data_Analyst,110600,USD,110600,US,M
2022,SE,FT,Applied_Scientist,230000,USD,230000,US,M
2022,SE,FT,Applied_Scientist,196000,USD,196000,US,M
2022,SE,FT,Data_Engineer,135000,USD,135000,US,M
2022,SE,FT,Data_Engineer,100000,USD,100000,US,M
2022,SE,FT,Data_Engineer,135000,USD,135000,US,M
2022,SE,FT,Data_Engineer,100000,USD,100000,US,M
2022,SE,FT,Data_Engineer,50000,GBP,61566,GB,M
2022,SE,FT,Data_Engineer,35000,GBP,43096,GB,M
2022,SE,FT,Data_Engineer,231250,USD,231250,US,M
2022,SE,FT,Data_Engineer,138750,USD,138750,US,M
2022,SE,FT,Analytics_Engineer,193750,USD,193750,US,M
2022,SE,FT,Analytics_Engineer,116250,USD,116250,US,M
2022,SE,FT,Data_Engineer,231250,USD,231250,US,M
2022,SE,FT,Data_Engineer,138750,USD,138750,US,M
2022,SE,FT,Analytics_Engineer,231250,USD,231250,US,M
2022,SE,FT,Analytics_Engineer,138750,USD,138750,US,M
2022,SE,FT,Analytics_Engineer,231250,USD,231250,US,M
2022,SE,FT,Analytics_Engineer,138750,USD,138750,US,M
2022,SE,FT,Data_Engineer,193750,USD,193750,US,M
2022,SE,FT,Data_Engineer,116250,USD,116250,US,M
2022,SE,FT,Data_Scientist,208000,USD,208000,US,M
2022,SE,FT,Data_Scientist,127000,USD,127000,US,M
2022,SE,FT,Research_Scientist,300000,USD,300000,US,M
2022,SE,FT,Research_Scientist,196000,USD,196000,US,M
2022,SE,FT,Machine_Learning_Engineer,204500,USD,204500,US,M
2022,SE,FT,Machine_Learning_Engineer,142200,USD,142200,US,M
2022,SE,FT,Data_Engineer,185900,USD,185900,US,M
2022,SE,FT,Data_Engineer,129300,USD,129300,US,M
2022,SE,FT,Data_Scientist,45000,EUR,47280,ES,M
2022,SE,FT,Data_Scientist,36000,EUR,37824,ES,M
2022,SE,FT,Machine_Learning_Engineer,204500,USD,204500,US,M
2022,SE,FT,Machine_Learning_Engineer,142200,USD,142200,US,M
2022,SE,FT,Data_Scientist,205000,USD,205000,US,M
2022,SE,FT,Data_Scientist,185000,USD,185000,US,M
2022,SE,FT,Data_Scientist,185900,USD,185900,US,M
2022,SE,FT,Data_Scientist,129300,USD,129300,US,M
2022,SE,FT,Machine_Learning_Engineer,247500,USD,247500,US,M
2022,SE,FT,Machine_Learning_Engineer,172200,USD,172200,US,M
2022,SE,FT,Data_Analyst,110000,USD,110000,US,M
2022,SE,FT,Data_Analyst,95000,USD,95000,US,M
2022,SE,FT,Data_Scientist,185900,USD,185900,US,M
2022,SE,FT,Data_Scientist,129300,USD,129300,US,M
2022,SE,FT,Applied_Scientist,205000,USD,205000,US,M
2022,SE,FT,Applied_Scientist,184000,USD,184000,US,M
2022,SE,FT,Data_Science_Tech_Lead,375000,USD,375000,US,L
2022,SE,FT,Data_Engineer,191200,USD,191200,US,M
2022,SE,FT,Data_Engineer,130000,USD,130000,US,M
2022,SE,FT,Data_Scientist,225000,USD,225000,US,M
2022,SE,FT,Data_Scientist,156400,USD,156400,US,M
2022,SE,FT,Data_Analyst,169000,USD,169000,US,M
2022,SE,FT,Data_Analyst,110600,USD,110600,US,M
2022,SE,FT,Machine_Learning_Engineer,204500,USD,204500,US,M
2022,SE,FT,Machine_Learning_Engineer,142200,USD,142200,US,M
2022,SE,FT,Data_Scientist,185900,USD,185900,US,M
2022,SE,FT,Data_Scientist,129300,USD,129300,US,M
2022,SE,FT,Data_Scientist,140700,USD,140700,US,M
2022,SE,FT,Data_Scientist,93800,USD,93800,US,M
2022,SE,FT,Data_Scientist,350000,USD,350000,US,M
2022,SE,FT,Data_Scientist,135000,USD,135000,US,M
2022,SE,FT,Data_Analyst,115934,USD,115934,US,M
2022,SE,FT,Data_Analyst,81666,USD,81666,US,M
2022,SE,FT,Machine_Learning_Engineer,201000,USD,201000,US,M
2022,SE,FT,Machine_Learning_Engineer,119000,USD,119000,US,M
2022,SE,FT,Data_Engineer,175000,USD,175000,US,M
2022,SE,FT,Data_Engineer,150000,USD,150000,US,M
2022,SE,FT,Data_Analyst,154560,USD,154560,US,M
2022,SE,FT,Data_Analyst,123648,USD,123648,US,M
2022,SE,FT,Data_Analyst,130000,USD,130000,US,M
2022,SE,FT,Data_Analyst,100000,USD,100000,US,M
2022,SE,FT,Data_Engineer,135000,USD,135000,US,M
2022,SE,FT,Data_Engineer,100000,USD,100000,US,M
2022,SE,FT,Data_Scientist,247500,USD,247500,US,M
2022,SE,FT,Data_Scientist,172200,USD,172200,US,M
2022,SE,FT,Data_Scientist,177500,USD,177500,US,M
2022,SE,FT,Data_Scientist,134000,USD,134000,US,M
2022,SE,FT,Data_Scientist,185900,USD,185900,US,M
2022,SE,FT,Data_Scientist,129300,USD,129300,US,M
2022,SE,FT,Data_Architect,192564,USD,192564,US,M
2022,SE,FT,Data_Architect,144854,USD,144854,US,M
2022,SE,FT,Data_Analyst,130000,USD,130000,US,M
2022,SE,FT,Data_Analyst,105000,USD,105000,US,M
2022,SE,FT,Data_Engineer,179305,USD,179305,US,M
2022,SE,FT,Data_Engineer,142127,USD,142127,US,M
2022,SE,FT,Data_Engineer,315000,USD,315000,US,M
2022,SE,FT,Data_Engineer,225000,USD,225000,US,M
2022,SE,FT,Data_Scientist,243900,USD,243900,US,M
2022,SE,FT,Data_Scientist,156600,USD,156600,US,M
2022,SE,FT,Data_Engineer,182500,USD,182500,US,M
2022,SE,FT,Data_Engineer,128500,USD,128500,US,M
2022,SE,FT,Data_Analyst,127000,USD,127000,US,M
2022,SE,FT,Data_Analyst,110000,USD,110000,US,M
2022,SE,FT,Data_Architect,210000,USD,210000,US,M
2022,SE,FT,Data_Architect,136000,USD,136000,US,M
2022,SE,FT,Cloud_Data_Engineer,12000,EUR,12608,SK,S
2022,SE,FT,Data_Engineer,170000,USD,170000,US,M
2022,SE,FT,Data_Engineer,140000,USD,140000,US,M
2022,SE,FT,Data_Engineer,247500,USD,247500,US,M
2022,SE,FT,Data_Engineer,172200,USD,172200,US,M
2022,SE,FT,Data_Engineer,225000,USD,225000,US,M
2022,SE,FT,Data_Engineer,184100,USD,184100,US,M
2022,SE,FT,Data_Engineer,161000,USD,161000,US,M
2022,SE,FT,Data_Engineer,110000,USD,110000,US,M
2022,SE,FT,Data_Scientist,136000,USD,136000,US,M
2022,SE,FT,Data_Scientist,104000,USD,104000,US,M
2022,SE,FT,Data_Scientist,45000,EUR,47280,ES,M
2022,SE,FT,Data_Scientist,36000,EUR,37824,ES,M
2022,SE,FT,Data_Analyst,169000,USD,169000,US,M
2022,SE,FT,Data_Analyst,110600,USD,110600,US,M
2022,SE,FT,Data_Engineer,160000,USD,160000,US,M
2022,SE,FT,Data_Engineer,130000,USD,130000,US,M
2022,SE,FT,Data_Scientist,245000,USD,245000,US,M
2022,SE,FT,Data_Scientist,180000,USD,180000,US,M
2022,SE,FT,Data_Engineer,135000,USD,135000,US,M
2022,SE,FT,Data_Engineer,100000,USD,100000,US,M
2022,SE,FT,Data_Engineer,220000,USD,220000,US,M
2022,SE,FT,Data_Engineer,150000,USD,150000,US,M
2022,SE,FT,Data_Scientist,198440,USD,198440,US,L
2022,SE,FT,Data_Scientist,144000,USD,144000,US,L
2022,SE,FT,Data_Engineer,240000,USD,240000,US,M
2022,SE,FT,Data_Engineer,170000,USD,170000,US,M
2022,SE,FT,Data_Scientist,198440,USD,198440,US,M
2022,SE,FT,Data_Scientist,144000,USD,144000,US,M
2022,SE,FT,Data_Analyst,120000,USD,120000,US,M
2022,SE,FT,Data_Analyst,95000,USD,95000,US,M
2022,SE,FT,Machine_Learning_Engineer,187200,USD,187200,CA,M
2022,SE,FT,Machine_Learning_Engineer,116100,USD,116100,CA,M
2022,SE,FT,Data_Analyst,150000,USD,150000,US,M
2022,SE,FT,Data_Analyst,127000,USD,127000,US,M
2022,SE,FT,Data_Engineer,275000,USD,275000,US,M
2022,SE,FT,Data_Engineer,166000,USD,166000,US,M
2022,SE,FT,Data_Scientist,159699,USD,159699,US,M
2022,SE,FT,Data_Scientist,138938,USD,138938,US,M
2022,SE,FT,Data_Analyst,166700,USD,166700,US,M
2022,SE,FT,Data_Analyst,119000,USD,119000,US,M
2022,SE,FT,Data_Analyst,130000,USD,130000,US,M
2022,SE,FT,Data_Analyst,100000,USD,100000,US,M
2022,SE,FT,Analytics_Engineer,84000,GBP,103432,GB,M
2022,SE,FT,Analytics_Engineer,75000,GBP,92350,GB,M
2022,SE,FT,Data_Analyst,80000,USD,80000,US,M
2022,SE,FT,Data_Analyst,52500,USD,52500,US,M
2022,SE,FT,Data_Engineer,236000,USD,236000,US,M
2022,SE,FT,Data_Engineer,182000,USD,182000,US,M
2022,SE,FT,Data_Scientist,180000,USD,180000,US,M
2022,SE,FT,Data_Scientist,140000,USD,140000,US,M
2022,SE,FT,Data_Scientist,225000,USD,225000,US,M
2022,SE,FT,Data_Scientist,156400,USD,156400,US,M
2022,SE,FT,Data_Analyst,135000,USD,135000,US,M
2022,SE,FT,Data_Analyst,100000,USD,100000,US,M
2022,SE,FT,Machine_Learning_Engineer,204500,USD,204500,US,M
2022,SE,FT,Machine_Learning_Engineer,142200,USD,142200,US,M
2022,SE,FT,Data_Engineer,300000,USD,300000,US,M
2022,SE,FT,Data_Engineer,130000,USD,130000,US,M
2022,SE,FT,Data_Engineer,195000,USD,195000,US,M
2022,SE,FT,Data_Engineer,175000,USD,175000,US,M
2022,SE,FT,Data_Engineer,155000,USD,155000,US,M
2022,SE,FT,Data_Engineer,110000,USD,110000,US,M
2022,SE,FT,Data_Operations_Analyst,123000,USD,123000,US,M
2022,SE,FT,Data_Operations_Analyst,92250,USD,92250,US,M
2022,SE,FT,Data_Engineer,170000,USD,170000,US,M
2022,SE,FT,Data_Engineer,150000,USD,150000,US,M
2022,SE,FT,Data_Engineer,97000,USD,97000,US,M
2022,SE,FT,Data_Engineer,90000,USD,90000,US,M
2022,SE,FT,Data_Engineer,200000,USD,200000,US,M
2022,SE,FT,Data_Engineer,160000,USD,160000,US,M
2022,SE,FT,Machine_Learning_Engineer,210000,USD,210000,US,M
2022,SE,FT,Machine_Learning_Engineer,180000,USD,180000,US,M
2022,SE,FT,Data_Engineer,260000,USD,260000,US,M
2022,SE,FT,Data_Engineer,180000,USD,180000,US,M
2022,SE,FT,Data_Architect,128000,USD,128000,US,M
2022,SE,FT,Data_Architect,81500,USD,81500,US,M
2022,SE,FT,Data_Operations_Engineer,105000,USD,105000,US,M
2022,SE,FT,Data_Operations_Engineer,70000,USD,70000,US,M
2022,SE,FT,Data_Scientist,175000,USD,175000,US,M
2022,SE,FT,Data_Scientist,122500,USD,122500,US,M
2022,SE,FT,Data_Engineer,171000,USD,171000,US,M
2022,SE,FT,Data_Engineer,117000,USD,117000,US,M
2022,SE,FT,Data_Scientist,202800,USD,202800,US,L
2022,SE,FT,Data_Scientist,104300,USD,104300,US,L
2022,SE,FT,Data_Analyst,48000,EUR,50432,ES,M
2022,SE,FT,Data_Analyst,35000,EUR,36773,ES,M
2022,SE,FT,Data_Engineer,197000,USD,197000,US,M
2022,SE,FT,Data_Engineer,99000,USD,99000,US,M
2022,SE,FT,Data_Engineer,160000,USD,160000,US,M
2022,SE,FT,Data_Engineer,110000,USD,110000,US,M
2022,SE,FT,Data_Scientist,185900,USD,185900,US,M
2022,SE,FT,Data_Scientist,129300,USD,129300,US,M
2022,SE,FT,Data_Engineer,170000,USD,170000,US,M
2022,SE,FT,Data_Engineer,130000,USD,130000,US,M
2022,SE,FT,Data_Analyst,150000,USD,150000,US,M
2022,SE,FT,Data_Analyst,95000,USD,95000,US,M
2022,SE,FT,Data_Architect,345600,USD,345600,US,M
2022,SE,FT,Data_Architect,230400,USD,230400,US,M
2022,SE,FT,Data_Engineer,145000,USD,145000,US,M
2022,SE,FT,Data_Engineer,115000,USD,115000,US,M
2022,SE,FT,Data_Analyst,175950,USD,175950,US,M
2022,SE,FT,Data_Analyst,130050,USD,130050,US,M
2022,SE,FT,Data_Engineer,205600,USD,205600,US,L
2022,SE,FT,Data_Engineer,105700,USD,105700,US,L
2022,SE,FT,Data_Analyst,236600,USD,236600,US,M
2022,SE,FT,Data_Analyst,89200,USD,89200,US,M
2022,SE,FT,Marketing_Data_Analyst,200000,USD,200000,GB,S
2022,SE,FT,Data_Science_Lead,165000,USD,165000,US,S
2022,SE,FT,Data_Engineer,185900,USD,185900,US,M
2022,SE,FT,Data_Engineer,129300,USD,129300,US,M
2022,SE,FT,Data_Analyst,169000,USD,169000,US,M
2022,SE,FT,Data_Analyst,110600,USD,110600,US,M
2022,SE,FT,Data_Engineer,225000,USD,225000,US,M
2022,SE,FT,Data_Engineer,184100,USD,184100,US,M
2022,SE,FT,Data_Scientist,185900,USD,185900,US,M
2022,SE,FT,Data_Scientist,129300,USD,129300,US,M
2022,SE,FT,Data_Scientist,225000,USD,225000,US,M
2022,SE,FT,Data_Scientist,156400,USD,156400,US,M
2022,SE,FT,Data_Scientist,185900,USD,185900,US,M
2022,SE,FT,Data_Scientist,129300,USD,129300,US,M
2022,SE,FT,Product_Data_Scientist,8000,USD,8000,SG,L
2022,SE,FT,Data_Scientist,155000,USD,155000,US,M
2022,SE,FT,Data_Scientist,38000,USD,38000,US,M
2022,SE,FT,Data_Scientist,155000,USD,155000,US,M
2022,SE,FT,Data_Scientist,38000,USD,38000,US,M
2022,SE,FT,Data_Scientist,153600,USD,153600,US,M
2022,SE,FT,Data_Scientist,106800,USD,106800,US,M
2022,SE,FT,Data_Scientist,185000,USD,185000,US,M
2022,SE,FT,Data_Scientist,50000,USD,50000,US,M
2022,SE,FT,Data_Engineer,185900,USD,185900,US,M
2022,SE,FT,Data_Engineer,129300,USD,129300,US,M
2022,SE,FT,Data_Scientist,155000,USD,155000,US,M
2022,SE,FT,Data_Scientist,38000,USD,38000,US,M
2022,SE,FT,Data_Scientist,168000,USD,168000,US,M
2022,SE,FT,Data_Scientist,130000,USD,130000,US,M
2022,SE,FT,Data_Scientist,123400,USD,123400,US,M
2022,SE,FT,Data_Scientist,88100,USD,88100,US,M
2022,SE,FT,Data_Scientist,120000,USD,120000,US,S
2022,SE,FT,Data_Scientist,55000,USD,55000,US,S
2022,SE,FT,Data_Scientist,185900,USD,185900,US,M
2022,SE,FT,Data_Scientist,129300,USD,129300,US,M
2022,SE,FT,Data_Engineer,191200,USD,191200,US,M
2022,SE,FT,Data_Engineer,130000,USD,130000,US,M
2022,SE,FT,Data_Analyst,169000,USD,169000,US,M
2022,SE,FT,Data_Analyst,110600,USD,110600,US,M
2022,SE,FT,Analytics_Engineer,150000,USD,150000,US,M
2022,SE,FT,Analytics_Engineer,120000,USD,120000,US,M
2022,SE,FT,Data_Science_Consultant,139000,USD,139000,US,M
2022,SE,FT,Data_Science_Consultant,122000,USD,122000,US,M
2022,SE,FT,Data_Scientist,185900,USD,185900,US,M
2022,SE,FT,Data_Scientist,129300,USD,129300,US,M
2022,SE,FT,Data_Analyst,139600,USD,139600,US,M
2022,SE,FT,Data_Analyst,85700,USD,85700,US,M
2022,SE,FT,Data_Engineer,185000,USD,185000,US,M
2022,SE,FT,Data_Engineer,50000,USD,50000,US,M
2022,SE,FT,Data_Engineer,185900,USD,185900,US,M
2022,SE,FT,Data_Engineer,129300,USD,129300,US,M
2022,SE,FT,Data_Scientist,225000,USD,225000,US,M
2022,SE,FT,Data_Scientist,156400,USD,156400,US,M
2022,SE,FT,Data_Scientist,200000,USD,200000,US,M
2022,SE,FT,Data_Scientist,175000,USD,175000,US,M
2022,SE,FT,Data_Engineer,185900,USD,185900,US,M
2022,SE,FT,Data_Engineer,129300,USD,129300,US,M
2022,SE,FT,Data_Analyst,115000,USD,115000,US,M
2022,SE,FT,Data_Analyst,95000,USD,95000,US,M
2022,SE,FT,Data_Architect,225000,USD,225000,US,M
2022,SE,FT,Data_Architect,66000,USD,66000,US,M
2022,SE,FT,Data_Scientist,185000,USD,185000,US,M
2022,SE,FT,Data_Scientist,50000,USD,50000,US,M
2022,SE,FT,Data_Scientist,45000,EUR,47280,ES,M
2022,SE,FT,Data_Scientist,36000,EUR,37824,ES,M
2022,SE,FT,Big_Data_Engineer,210000,CAD,161311,CA,M
2022,SE,FT,Principal_Data_Architect,3000000,INR,38154,IN,L
2022,SE,FT,Data_Engineer,70000,EUR,73546,PT,M
2022,SE,FT,Data_Engineer,40000,EUR,42026,PT,M
2022,SE,FT,Data_Engineer,170000,USD,170000,US,M
2022,SE,FT,Data_Engineer,150000,USD,150000,US,M
2022,SE,FT,Data_Architect,180000,USD,180000,US,M
2022,SE,FT,Data_Architect,160000,USD,160000,US,M
2022,SE,FT,Machine_Learning_Manager,200000,USD,200000,US,M
2022,SE,FT,Machine_Learning_Manager,150000,USD,150000,US,M
2022,SE,FT,Data_Engineer,188700,USD,188700,US,M
2022,SE,FT,Data_Engineer,160395,USD,160395,US,M
2022,SE,FT,Data_Analyst,115934,USD,115934,US,M
2022,SE,FT,Data_Analyst,81666,USD,81666,US,M
2022,SE,FT,Data_Engineer,300000,USD,300000,US,M
2022,SE,FT,Data_Engineer,225000,USD,225000,US,M
2022,SE,FT,Data_Scientist,198440,USD,198440,US,M
2022,SE,FT,Data_Scientist,144000,USD,144000,US,M
2022,SE,FT,Applied_Scientist,191475,USD,191475,US,M
2022,SE,FT,Applied_Scientist,141525,USD,141525,US,M
2022,SE,FT,Data_Analyst,48000,EUR,50432,ES,M
2022,SE,FT,Data_Analyst,35000,EUR,36773,ES,M
2022,SE,FT,Lead_Data_Scientist,156868,USD,156868,US,L
2022,SE,FT,BI_Analyst,200000,USD,200000,NG,S
2022,SE,FT,Data_Scientist,198440,USD,198440,US,L
2022,SE,FT,Data_Scientist,144000,USD,144000,US,L
2022,SE,FT,Lead_Machine_Learning_Engineer,66000,EUR,69344,PT,L
2022,SE,CT,Data_Analyst,90000,USD,90000,US,M
2022,SE,FT,Data_Engineer,200000,USD,200000,US,M
2022,SE,FT,Data_Engineer,180000,USD,180000,US,M
2022,SE,FT,Machine_Learning_Engineer,210000,USD,210000,US,M
2022,SE,FT,Machine_Learning_Engineer,180000,USD,180000,US,M
2022,SE,FT,Data_Engineer,165000,USD,165000,US,M
2022,SE,FT,Data_Engineer,132000,USD,132000,US,M
2022,SE,FT,Analytics_Engineer,130000,USD,130000,US,M
2022,SE,FT,Analytics_Engineer,110000,USD,110000,US,M
2022,SE,FT,Data_Engineer,178800,USD,178800,US,L
2022,SE,FT,Data_Engineer,132100,USD,132100,US,L
2022,SE,FT,Machine_Learning_Engineer,140000,USD,140000,CA,M
2022,SE,FT,Machine_Learning_Engineer,110000,USD,110000,CA,M
2022,SE,FT,Data_Engineer,160000,USD,160000,US,M
2022,SE,FT,Data_Engineer,85000,USD,85000,US,M
2022,SE,FT,ETL_Developer,250000,USD,250000,US,M
2022,SE,FT,ETL_Developer,63000,USD,63000,US,M
2022,SE,FT,Data_Engineer,200000,USD,200000,US,M
2022,SE,FT,Data_Engineer,145000,USD,145000,US,M
2022,SE,FT,Data_Engineer,229998,USD,229998,US,L
2022,SE,FT,Data_Engineer,154545,USD,154545,US,L
2022,SE,FT,Data_Scientist,215000,USD,215000,US,L
2022,SE,FT,Data_Scientist,159000,USD,159000,US,L
2022,SE,FT,Data_Engineer,229998,USD,229998,US,L
2022,SE,FT,Data_Engineer,154545,USD,154545,US,L
2022,SE,FT,Data_Scientist_Lead,183000,USD,183000,US,L
2022,SE,FT,Data_Analyst,99750,USD,99750,US,M
2022,SE,FT,Data_Analyst,68400,USD,68400,US,M
2022,SE,FT,Data_Scientist,236900,USD,236900,US,L
2022,SE,FT,Data_Scientist,159200,USD,159200,US,L
2022,SE,FT,Data_Science_Manager,243225,USD,243225,US,M
2022,SE,FT,Data_Science_Manager,179775,USD,179775,US,M
2022,SE,FT,Data_Engineer,175000,USD,175000,US,M
2022,SE,FT,Data_Engineer,150000,USD,150000,US,M
2022,SE,FT,Machine_Learning_Engineer,210000,USD,210000,US,M
2022,SE,FT,Machine_Learning_Engineer,180000,USD,180000,US,M
2022,SE,FT,Data_Scientist,148000,USD,148000,US,M
2022,SE,FT,Data_Scientist,128000,USD,128000,US,M
2022,SE,FT,Data_Architect,190000,USD,190000,US,M
2022,SE,FT,Data_Architect,135000,USD,135000,US,M
2022,SE,FT,Analytics_Engineer,130000,USD,130000,US,M
2022,SE,FT,Analytics_Engineer,110000,USD,110000,US,M
2022,SE,FT,Data_Scientist,191475,USD,191475,US,M
2022,SE,FT,Data_Scientist,141525,USD,141525,US,M
2022,SE,FT,Data_Engineer,160000,USD,160000,US,M
2022,SE,FT,Data_Engineer,85000,USD,85000,US,M
2022,SE,FT,Data_Scientist,218000,USD,218000,US,M
2022,SE,FT,Data_Scientist,145300,USD,145300,US,M
2022,SE,FT,ML_Engineer,195400,USD,195400,US,L
2022,SE,FT,ML_Engineer,131300,USD,131300,US,L
2022,SE,FT,Data_Scientist,191475,USD,191475,US,M
2022,SE,FT,Data_Scientist,141525,USD,141525,US,M
2022,SE,FT,Data_Scientist,207000,USD,207000,US,M
2022,SE,FT,Data_Scientist,153000,USD,153000,US,M
2022,SE,FT,Data_Scientist,191475,USD,191475,US,M
2022,SE,FT,Data_Scientist,141525,USD,141525,US,M
2022,SE,FT,Data_Analyst,110000,USD,110000,US,M
2022,SE,FT,Data_Analyst,99000,USD,99000,US,M
2022,SE,FT,Data_Scientist,191475,USD,191475,US,M
2022,SE,FT,Data_Scientist,141525,USD,141525,US,M
2022,SE,FT,Data_Scientist,191475,USD,191475,US,M
2022,SE,FT,Data_Scientist,141525,USD,141525,US,M
2022,SE,FT,Data_Scientist,191475,USD,191475,US,M
2022,SE,FT,Data_Scientist,141525,USD,141525,US,M
2022,SE,FT,Machine_Learning_Engineer,200000,USD,200000,PR,M
2022,SE,FT,Machine_Learning_Engineer,135000,USD,135000,PR,M
2022,SE,FT,Data_Scientist,207000,USD,207000,US,M
2022,SE,FT,Data_Scientist,153000,USD,153000,US,M
2022,SE,FT,Data_Scientist,191475,USD,191475,US,M
2022,SE,FT,Data_Scientist,141525,USD,141525,US,M
2022,SE,FT,Data_Scientist,191475,USD,191475,US,M
2022,SE,FT,Data_Scientist,141525,USD,141525,US,M
2022,SE,FT,Data_Scientist,191475,USD,191475,US,M
2022,SE,FT,Data_Scientist,141525,USD,141525,US,M
2022,SE,FT,Data_Engineer,195700,USD,195700,US,M
2022,SE,FT,Data_Engineer,130500,USD,130500,US,M
2022,SE,FT,ML_Engineer,130000,USD,130000,US,M
2022,SE,FT,ML_Engineer,84000,USD,84000,US,M
2022,SE,FT,Data_Engineer,141300,USD,141300,US,M
2022,SE,FT,Data_Engineer,102100,USD,102100,US,M
2022,SE,FT,Data_Analyst,48000,EUR,50432,ES,M
2022,SE,FT,Data_Analyst,35000,EUR,36773,ES,M
2022,SE,FT,Data_Analyst,144000,USD,144000,US,M
2022,SE,FT,Data_Analyst,113000,USD,113000,US,M
2022,SE,FT,Data_Architect,195400,USD,195400,US,L
2022,SE,FT,Data_Architect,131300,USD,131300,US,L
2022,SE,FT,Machine_Learning_Engineer,195400,USD,195400,US,L
2022,SE,FT,Machine_Learning_Engineer,131300,USD,131300,US,L
2022,SE,FT,Data_Architect,195400,USD,195400,US,L
2022,SE,FT,Data_Architect,131300,USD,131300,US,L
2022,SE,FT,Data_Architect,190000,USD,190000,US,M
2022,SE,FT,Data_Architect,135000,USD,135000,US,M
2022,SE,FT,Data_Engineer,135000,USD,135000,US,M
2022,SE,FT,Data_Engineer,80000,USD,80000,US,M
2022,SE,FT,Data_Engineer,160000,USD,160000,US,M
2022,SE,FT,Data_Engineer,85000,USD,85000,US,M
2022,SE,FT,Data_Engineer,178800,USD,178800,US,L
2022,SE,FT,Data_Engineer,132100,USD,132100,US,L
2022,SE,FT,Machine_Learning_Engineer,60000,EUR,63040,FI,S
2022,SE,FT,Data_Engineer,140000,USD,140000,US,M
2022,SE,FT,Data_Engineer,105000,USD,105000,US,M
2022,SE,FT,Analytics_Engineer,190000,USD,190000,US,M
2022,SE,FT,Analytics_Engineer,140000,USD,140000,US,M
2022,SE,FT,Data_Scientist,180000,USD,180000,US,L
2022,SE,FT,Data_Scientist,165000,USD,165000,US,L
2022,SE,FT,Applied_Machine_Learning_Scientist,108000,USD,108000,US,L
2022,SE,FT,Data_Architect,190000,USD,190000,US,M
2022,SE,FT,Data_Architect,135000,USD,135000,US,M
2022,SE,FT,Data_Scientist,179400,USD,179400,US,M
2022,SE,FT,Data_Scientist,154000,USD,154000,US,M
2022,SE,FT,Machine_Learning_Scientist,193900,USD,193900,US,M
2022,SE,FT,Machine_Learning_Scientist,129300,USD,129300,US,M
2022,SE,FT,Analytics_Engineer,122500,USD,122500,US,M
2022,SE,FT,Analytics_Engineer,100000,USD,100000,US,M
2022,SE,FT,Data_Engineer,193000,USD,193000,US,M
2022,SE,FT,Data_Scientist,136994,USD,136994,US,M
2022,SE,FT,Data_Scientist,101570,USD,101570,US,M
2022,SE,FT,ETL_Developer,250000,USD,250000,US,M
2022,SE,FT,ETL_Developer,63000,USD,63000,US,M
2022,SE,FT,Data_Scientist,191475,USD,191475,US,M
2022,SE,FT,Data_Scientist,141525,USD,141525,US,M
2022,SE,FT,Director_of_Data_Science,55000,EUR,57786,FR,L
2022,SE,FT,Data_Scientist,172000,USD,172000,US,M
2022,SE,FT,Data_Scientist,140000,USD,140000,US,M
2022,SE,FT,Data_Engineer,215000,USD,215000,US,M
2022,SE,FT,Data_Engineer,164000,USD,164000,US,M
2022,SE,FT,Data_Engineer,300000,USD,300000,US,M
2022,SE,FT,Data_Engineer,130000,USD,130000,US,M
2022,SE,FT,Data_Engineer,250000,USD,250000,US,M
2022,SE,FT,Data_Engineer,63000,USD,63000,US,M
2022,SE,FT,Data_Engineer,180000,USD,180000,US,M
2022,SE,FT,Data_Engineer,150000,USD,150000,US,M
2022,SE,FT,Data_Engineer,250000,USD,250000,US,M
2022,SE,FT,Data_Engineer,63000,USD,63000,US,M
2022,SE,FT,Data_Scientist,191475,USD,191475,US,M
2022,SE,FT,Data_Scientist,141525,USD,141525,US,M
2022,SE,FT,Applied_Scientist,212800,USD,212800,US,M
2022,SE,FT,Applied_Scientist,142800,USD,142800,US,M
2022,SE,FT,Data_Scientist,151800,USD,151800,US,M
2022,SE,FT,Data_Scientist,130240,USD,130240,US,M
2022,SE,FT,Analytics_Engineer,165000,USD,165000,US,M
2022,SE,FT,Analytics_Engineer,140250,USD,140250,US,M
2022,SE,FT,Data_Engineer,135000,USD,135000,US,M
2022,SE,FT,Data_Engineer,115000,USD,115000,US,M
2022,SE,FT,Data_Scientist,179400,USD,179400,US,M
2022,SE,FT,Data_Scientist,154000,USD,154000,US,M
2022,SE,FT,Data_Scientist,191475,USD,191475,US,M
2022,SE,FT,Data_Scientist,141525,USD,141525,US,M
2022,SE,FT,Data_Scientist,191475,USD,191475,US,M
2022,SE,FT,Data_Scientist,141525,USD,141525,US,M
2022,SE,FT,Data_Scientist,191475,USD,191475,US,M
2022,SE,FT,Data_Scientist,141525,USD,141525,US,M
2022,SE,FT,Data_Scientist,191475,USD,191475,US,M
2022,SE,FT,Data_Scientist,141525,USD,141525,US,M
2022,SE,FT,Data_Scientist,191475,USD,191475,US,M
2022,SE,FT,Data_Scientist,141525,USD,141525,US,M
2022,SE,FT,Analytics_Engineer,83376,GBP,102663,GB,M
2022,SE,FT,Analytics_Engineer,65004,GBP,80041,GB,M
2022,SE,FT,Data_Scientist,191475,USD,191475,US,M
2022,SE,FT,Data_Scientist,141525,USD,141525,US,M
2022,SE,FT,Data_Engineer,84958,GBP,104611,GB,M
2022,SE,FT,Data_Engineer,66822,GBP,82280,GB,M
2022,SE,FT,Data_Scientist,191475,USD,191475,US,M
2022,SE,FT,Data_Scientist,141525,USD,141525,US,M
2022,SE,FT,Data_Scientist,191475,USD,191475,US,M
2022,SE,FT,Data_Scientist,141525,USD,141525,US,M
2022,SE,FT,Data_Analyst,115000,USD,115000,US,L
2022,SE,FT,Data_Operations_Analyst,81000,USD,81000,US,M
2022,SE,FT,Data_Operations_Analyst,66000,USD,66000,US,M
2022,SE,FT,Data_Scientist,204100,USD,204100,US,M
2022,SE,FT,Data_Scientist,136100,USD,136100,US,M
2022,SE,FT,Analytics_Engineer,250000,USD,250000,US,M
2022,SE,FT,Analytics_Engineer,63000,USD,63000,US,M
2022,SE,FT,Data_Scientist,191475,USD,191475,US,M
2022,SE,FT,Data_Scientist,141525,USD,141525,US,M
2022,SE,FT,Data_Scientist,191475,USD,191475,US,M
2022,SE,FT,Data_Scientist,141525,USD,141525,US,M
2022,SE,FT,Data_Scientist,191475,USD,191475,US,M
2022,SE,FT,Data_Scientist,141525,USD,141525,US,M
2022,SE,FT,Data_Specialist,95000,USD,95000,US,M
2022,SE,FT,Data_Specialist,70000,USD,70000,US,M
2022,SE,FT,Data_Scientist,170000,USD,170000,US,M
2022,SE,FT,Data_Scientist,130000,USD,130000,US,M
2022,SE,FT,Data_Scientist,175000,USD,175000,US,M
2022,SE,FT,Data_Scientist,140000,USD,140000,US,M
2022,SE,FT,Lead_Data_Scientist,28500,EUR,29944,PT,S
2022,SE,FT,Analytics_Engineer,250000,USD,250000,US,M
2022,SE,FT,Analytics_Engineer,63000,USD,63000,US,M
2022,SE,FT,Data_Scientist,160000,USD,160000,US,L
2022,SE,FT,Data_Scientist,119300,USD,119300,US,L
2022,SE,FT,Data_Engineer,105000,USD,105000,US,M
2022,SE,FT,Data_Engineer,90000,USD,90000,US,M
2022,SE,FT,ETL_Developer,146200,USD,146200,US,M
2022,SE,FT,ETL_Developer,124270,USD,124270,US,M
2022,SE,FT,Data_Engineer,185800,USD,185800,CA,M
2022,SE,FT,Data_Engineer,137400,USD,137400,CA,M
2022,SE,FT,Analytics_Engineer,245000,USD,245000,US,M
2022,SE,FT,Analytics_Engineer,180000,USD,180000,US,M
2022,SE,FT,Analytics_Engineer,203500,USD,203500,US,M
2022,SE,FT,Analytics_Engineer,152000,USD,152000,US,M
2022,SE,FT,Data_Engineer,250000,USD,250000,US,M
2022,SE,FT,Data_Engineer,63000,USD,63000,US,M
2022,SE,FT,Machine_Learning_Infrastructure_Engineer,186000,USD,186000,US,M
2022,SE,FT,Machine_Learning_Infrastructure_Engineer,148800,USD,148800,US,M
2022,SE,FT,Lead_Machine_Learning_Engineer,7500000,INR,95386,IN,L
2022,SE,FT,Data_Scientist,203500,USD,203500,US,M
2022,SE,FT,Data_Scientist,152000,USD,152000,US,M
2022,SE,FT,Machine_Learning_Engineer,176000,USD,186000,US,M
2022,SE,FT,Machine_Learning_Engineer,158800,USD,148800,US,M
2022,SE,FT,Machine_Learning_Engineer,186000,USD,186000,US,M
2022,SE,FT,Machine_Learning_Engineer,148800,USD,148800,US,M
2022,SE,FT,Data_Scientist,170000,USD,170000,US,M
2022,SE,FT,Data_Scientist,120000,USD,120000,US,M
2022,SE,FT,Data_Analyst,216200,USD,216200,US,M
2022,SE,FT,Data_Analyst,144100,USD,144100,US,M
2022,SE,FT,ETL_Developer,250000,USD,250000,US,M
2022,SE,FT,ETL_Developer,63000,USD,63000,US,M
2022,SE,FT,Data_Engineer,135000,USD,135000,US,M
2022,SE,FT,Data_Engineer,85000,USD,85000,US,M
2022,SE,FT,Machine_Learning_Engineer,135000,USD,135000,US,M
2022,SE,FT,Machine_Learning_Engineer,85000,USD,85000,US,M
2022,SE,FT,Data_Science_Manager,206000,USD,206000,US,M
2022,SE,FT,Data_Science_Manager,175100,USD,175100,US,M
2022,SE,FT,Machine_Learning_Engineer,189650,USD,189650,US,M
2022,SE,FT,Machine_Learning_Engineer,164996,USD,164996,US,M
2022,SE,FT,Data_Architect,149040,USD,149040,US,M
2022,SE,FT,Data_Architect,113900,USD,113900,US,M
2022,SE,FT,Data_Engineer,154000,USD,154000,US,M
2022,SE,FT,Data_Engineer,126000,USD,126000,US,M
2022,SE,FT,Machine_Learning_Engineer,200000,USD,200000,US,L
2022,SE,FT,Machine_Learning_Engineer,150000,USD,150000,US,L
2022,SE,FT,Data_Engineer,195700,USD,195700,US,M
2022,SE,FT,Data_Engineer,130500,USD,130500,US,M
2022,SE,FT,Analytics_Engineer,170000,USD,170000,US,M
2022,SE,FT,Analytics_Engineer,135000,USD,135000,US,M
2022,SE,FT,Data_Analyst,117000,USD,117000,US,M
2022,SE,FT,Data_Analyst,99450,USD,99450,US,M
2022,SE,FT,Data_Engineer,200000,USD,200000,PR,M
2022,SE,FT,Data_Engineer,135000,USD,135000,PR,M
2022,SE,FT,Machine_Learning_Engineer,193900,USD,193900,US,M
2022,SE,FT,Machine_Learning_Engineer,129300,USD,129300,US,M
2022,SE,FT,Data_Analyst,70000,GBP,86193,GB,M
2022,SE,FT,Data_Analyst,50000,GBP,61566,GB,M
2022,SE,FT,Data_Analyst,175000,USD,175000,US,M
2022,SE,FT,Data_Analyst,130000,USD,130000,US,M
2022,SE,FT,Data_Engineer,188100,USD,188100,US,M
2022,SE,FT,Data_Engineer,139860,USD,139860,US,M
2022,SE,FT,Machine_Learning_Engineer,248700,USD,248700,US,M
2022,SE,FT,Machine_Learning_Engineer,167100,USD,167100,US,M
2022,SE,FT,Data_Scientist,123400,USD,123400,US,M
2022,SE,FT,Data_Scientist,88100,USD,88100,US,M
2022,SE,FT,Data_Scientist,245000,USD,245000,US,M
2022,SE,FT,Data_Scientist,205000,USD,205000,US,M
2022,SE,FT,Data_Engineer,141300,USD,141300,US,M
2022,SE,FT,Data_Engineer,102100,USD,102100,US,M
2022,SE,FT,Data_Architect,141300,USD,141300,US,M
2022,SE,FT,Data_Architect,102100,USD,102100,US,M
2022,SE,FT,Data_Architect,250000,USD,250000,US,M
2022,SE,FT,Data_Architect,63000,USD,63000,US,M
2022,SE,FT,Data_Science_Manager,189500,USD,189500,US,L
2022,SE,FT,Data_Science_Manager,140100,USD,140100,US,L
2022,SE,FT,Data_Engineer,177600,USD,177600,US,L
2022,SE,FT,Data_Engineer,131300,USD,131300,US,L
2022,SE,FT,Data_Engineer,250000,USD,250000,US,M
2022,SE,FT,Data_Engineer,63000,USD,63000,US,M
2022,SE,FT,Machine_Learning_Engineer,202900,USD,202900,US,L
2022,SE,FT,Machine_Learning_Engineer,131300,USD,131300,US,L
2022,SE,FT,Data_Engineer,145000,USD,145000,US,M
2022,SE,FT,Data_Engineer,115000,USD,115000,US,M
2022,SE,FT,Data_Scientist,180000,USD,180000,US,L
2022,SE,FT,Data_Scientist,140000,USD,140000,US,L
2022,SE,FT,Machine_Learning_Scientist,216000,USD,216000,US,M
2022,SE,FT,Machine_Learning_Scientist,144000,USD,144000,US,M
2022,SE,FT,Analytics_Engineer,48000,USD,48000,US,S
2022,SE,FT,Data_Engineer,210000,USD,210000,US,M
2022,SE,FT,Data_Engineer,100000,USD,100000,US,M
2022,SE,FT,Applied_Machine_Learning_Scientist,73400,EUR,77119,GB,L
2022,SE,FT,Data_Engineer,206699,USD,206699,US,M
2022,SE,FT,Data_Engineer,99100,USD,99100,US,M
2022,SE,FT,Data_Engineer,250000,USD,250000,US,M
2022,SE,FT,Data_Engineer,63000,USD,63000,US,M
2022,SE,FT,Data_Architect,250000,USD,250000,US,M
2022,SE,FT,Data_Architect,63000,USD,63000,US,M
2022,SE,FT,Data_Engineer,250000,USD,250000,US,M
2022,SE,FT,Data_Engineer,63000,USD,63000,US,M
2022,SE,FT,Data_Engineer,100000,USD,100000,US,L
2022,SE,FT,Data_Engineer,80000,USD,80000,US,L
2022,SE,FT,Data_Scientist,160000,USD,160000,US,L
2022,SE,FT,Data_Scientist,100000,USD,100000,US,L
2022,SE,FT,Data_Specialist,221300,USD,221300,US,L
2022,SE,FT,Data_Specialist,148700,USD,148700,US,L
2022,SE,FT,Data_Science_Manager,249260,USD,249260,US,M
2022,SE,FT,Data_Science_Manager,185400,USD,185400,US,M
2022,SE,FT,Data_Engineer,170000,USD,170000,US,M
2022,SE,FT,Data_Engineer,130000,USD,130000,US,M
2022,SE,FT,Data_Analyst,128875,USD,128875,US,M
2022,SE,FT,Data_Analyst,93700,USD,93700,US,M
2022,SE,FT,Machine_Learning_Engineer,180000,USD,180000,US,M
2022,SE,FT,Machine_Learning_Engineer,100000,USD,100000,US,M
2022,SE,FT,Data_Analyst,136260,USD,136260,US,M
2022,SE,FT,Data_Analyst,109280,USD,109280,US,M
2022,SE,FT,Data_Scientist,160000,USD,160000,US,L
2022,SE,FT,Data_Scientist,92000,USD,92000,US,L
2022,SE,FT,Data_Engineer,200000,USD,200000,US,M
2022,SE,FT,Data_Engineer,160000,USD,160000,US,M
2022,SE,FT,Data_Analyst,117000,USD,117000,US,M
2022,SE,FT,Data_Analyst,99450,USD,99450,US,M
2022,SE,FT,Data_Scientist,160000,USD,160000,US,L
2022,SE,FT,Data_Scientist,119300,USD,119300,US,L
2022,SE,FT,Business_Data_Analyst,100000,USD,100000,US,L
2022,SE,FT,Data_Engineer,210000,USD,210000,US,M
2022,SE,FT,Data_Engineer,100000,USD,100000,US,M
2022,SE,FT,Data_Analyst,150075,USD,150075,US,M
2022,SE,FT,Data_Analyst,110925,USD,110925,US,M
2022,SE,FT,Data_Scientist,160000,USD,160000,US,L
2022,SE,FT,Data_Scientist,92000,USD,92000,US,L
2022,SE,FT,Machine_Learning_Engineer,202900,USD,202900,US,L
2022,SE,FT,Machine_Learning_Engineer,131300,USD,131300,US,L
2022,SE,FT,Data_Engineer,175000,USD,175000,US,M
2022,SE,FT,Data_Engineer,135000,USD,135000,US,M
2022,SE,FT,Data_Science_Manager,193000,AUD,133766,AU,L
2022,SE,FT,Data_Scientist,186000,USD,186000,US,M
2022,SE,FT,Data_Scientist,148800,USD,148800,US,M
2022,SE,FT,Data_Analyst,112900,USD,112900,US,M
2022,SE,FT,Data_Analyst,90320,USD,90320,US,M
2022,SE,FT,ML_Engineer,240000,USD,240000,US,M
2022,SE,FT,ML_Engineer,160000,USD,160000,US,M
2022,SE,FT,Data_Science_Manager,300000,USD,300000,US,M
2022,SE,FT,Data_Science_Manager,200000,USD,200000,US,M
2022,SE,FT,Data_Analyst,112900,USD,112900,US,M
2022,SE,FT,Data_Analyst,90320,USD,90320,US,M
2022,SE,FT,Data_Analytics_Manager,145000,USD,145000,US,M
2022,SE,FT,Data_Analytics_Manager,105400,USD,105400,US,M
2022,SE,FT,Data_Scientist,215300,USD,215300,US,L
2022,SE,FT,Data_Scientist,158200,USD,158200,US,L
2022,SE,FT,Data_Engineer,209100,USD,209100,US,L
2022,SE,FT,Data_Engineer,154600,USD,154600,US,L
2022,SE,FT,Data_Analyst,115934,USD,115934,US,M
2022,SE,FT,Data_Analyst,81666,USD,81666,US,M
2022,SE,FT,Data_Engineer,175000,USD,175000,US,M
2022,SE,FT,Data_Engineer,155000,USD,155000,US,M
2022,SE,FT,Data_Analyst,164000,USD,164000,US,M
2022,SE,FT,Data_Analyst,132000,USD,132000,US,M
2022,SE,FT,Data_Scientist,170000,USD,170000,US,M
2022,SE,FT,Data_Scientist,123000,USD,123000,US,M
2022,SE,FT,Machine_Learning_Engineer,189650,USD,189650,US,M
2022,SE,FT,Machine_Learning_Engineer,164996,USD,164996,US,M
2022,SE,FT,Data_Engineer,165400,USD,165400,US,M
2022,SE,FT,Data_Engineer,132320,USD,132320,US,M
2022,SE,FT,Data_Architect,208775,USD,208775,US,M
2022,SE,FT,Data_Architect,147800,USD,147800,US,M
2022,SE,FT,Data_Engineer,136994,USD,136994,US,M
2022,SE,FT,Data_Engineer,101570,USD,101570,US,M
2022,SE,FT,Data_Analyst,128875,USD,128875,US,M
2022,SE,FT,Data_Analyst,93700,USD,93700,US,M
2022,SE,FT,Data_Engineer,183600,USD,183600,US,L
2022,SE,FT,Data_Engineer,100800,USD,100800,US,L
2022,SE,FT,Machine_Learning_Engineer,189650,USD,189650,US,M
2022,SE,FT,Machine_Learning_Engineer,164996,USD,164996,US,M
2022,SE,FT,Data_Scientist,215300,USD,215300,US,L
2022,SE,FT,Data_Scientist,140400,USD,140400,US,L
2022,SE,FT,Data_Scientist,260000,USD,260000,US,M
2022,SE,FT,Data_Scientist,180000,USD,180000,US,M
2022,SE,FT,Data_Science_Engineer,60000,USD,60000,MX,L
2022,SE,FT,Data_Scientist,180000,USD,180000,US,M
2022,SE,FT,Data_Scientist,80000,USD,80000,US,M
2022,SE,FT,Data_Engineer,136000,USD,136000,US,M
2022,SE,FT,Data_Engineer,108800,USD,108800,US,M
2022,SE,FT,Data_Scientist,165220,USD,165220,US,M
2022,SE,FT,Data_Scientist,120160,USD,120160,US,M
2022,SE,FT,Data_Analyst,124190,USD,124190,US,M
2022,SE,FT,Data_Analyst,90320,USD,90320,US,M
2022,SE,FT,Data_Engineer,181940,USD,181940,US,M
2022,SE,FT,Data_Engineer,132320,USD,132320,US,M
2022,SE,FT,Data_Engineer,220110,USD,220110,US,M
2022,SE,FT,Data_Engineer,160080,USD,160080,US,M
2022,SE,FT,Data_Scientist,180000,USD,180000,US,L
2022,SE,FT,Data_Scientist,120000,USD,120000,US,L
2022,SE,FT,Data_Analyst,116000,USD,116000,US,M
2022,SE,FT,Data_Analyst,99000,USD,99000,US,M
2022,SE,FT,Data_Analyst,155000,USD,155000,US,M
2022,SE,FT,Data_Analyst,120600,USD,120600,US,M
2022,SE,FT,Data_Analyst,102100,USD,102100,US,M
2022,SE,FT,Data_Analyst,84900,USD,84900,US,M
2022,SE,FT,Data_Scientist,136620,USD,136620,US,M
2022,SE,FT,Data_Scientist,99360,USD,99360,US,M
2022,SE,FT,Data_Scientist,90000,GBP,110820,GB,M
2022,SE,FT,Data_Scientist,80000,GBP,98506,GB,M
2022,SE,FT,Data_Scientist,146000,USD,146000,US,M
2022,SE,FT,Data_Scientist,123000,USD,123000,US,M
2022,SE,FT,Data_Analyst,170000,USD,170000,US,M
2022,SE,FT,Data_Analyst,135000,USD,135000,US,M
2022,SE,FT,Data_Science_Manager,161342,USD,161342,US,M
2022,SE,FT,Data_Science_Manager,137141,USD,137141,US,M
2022,SE,FT,Data_Scientist,167000,USD,167000,US,M
2022,SE,FT,Data_Scientist,123000,USD,123000,US,M
2022,SE,FT,Data_Engineer,60000,GBP,73880,GB,M
2022,SE,FT,Data_Engineer,50000,GBP,61566,GB,M
2022,SE,FT,Data_Scientist,211500,USD,211500,US,M
2022,SE,FT,Data_Scientist,138600,USD,138600,US,M
2022,SE,FT,Data_Architect,192400,USD,192400,CA,M
2022,SE,FT,Data_Architect,90700,USD,90700,CA,M
2022,SE,FT,Data_Analyst,130000,USD,130000,CA,M
2022,SE,FT,Data_Analyst,61300,USD,61300,CA,M
2022,SE,FT,Data_Analyst,130000,USD,130000,CA,M
2022,SE,FT,Data_Analyst,61300,USD,61300,CA,M
2022,SE,FT,Data_Engineer,160000,USD,160000,US,L
2022,SE,FT,Data_Engineer,113000,USD,113000,US,L
2022,SE,FT,Data_Scientist,150000,USD,150000,US,M
2022,SE,FT,Data_Scientist,95550,USD,95550,US,M
2022,SE,FT,Data_Analyst,112900,USD,112900,US,M
2022,SE,FT,Data_Analyst,90320,USD,90320,US,M
2022,SE,FT,Data_Analyst,112900,USD,112900,US,M
2022,SE,FT,Data_Analyst,90320,USD,90320,US,M
2022,SE,FT,Data_Engineer,165400,USD,165400,US,M
2022,SE,FT,Data_Engineer,132320,USD,132320,US,M
2022,SE,FT,Data_Engineer,243900,USD,243900,US,M
2022,SE,FT,Data_Engineer,156600,USD,156600,US,M
2022,SE,FT,Data_Analyst,136600,USD,136600,US,M
2022,SE,FT,Data_Analyst,109280,USD,109280,US,M
2022,SE,FT,Data_Engineer,128875,USD,128875,US,M
2022,SE,FT,Data_Engineer,93700,USD,93700,US,M
2022,SE,FT,Data_Engineer,209100,USD,209100,US,L
2022,SE,FT,Data_Engineer,154600,USD,154600,US,L
2022,SE,FT,Data_Engineer,180000,USD,180000,US,M
2022,SE,FT,Data_Engineer,160000,USD,160000,US,M
2022,SE,FT,Data_Scientist,205300,USD,205300,US,L
2022,SE,FT,Data_Scientist,140400,USD,140400,US,L
2022,SE,FT,Data_Scientist,176000,USD,176000,US,M
2022,SE,FT,Data_Scientist,144000,USD,144000,US,M
2022,SE,FT,Data_Engineer,200100,USD,200100,US,M
2022,SE,FT,Data_Engineer,160000,USD,160000,US,M
2022,SE,FT,Data_Engineer,70500,USD,70500,US,M
2022,SE,FT,Data_Engineer,54000,USD,54000,US,M
2022,SE,FT,Data_Scientist,205300,USD,205300,US,M
2022,SE,FT,Data_Scientist,140400,USD,140400,US,M
2022,SE,FT,Analytics_Engineer,205300,USD,205300,US,M
2022,SE,FT,Analytics_Engineer,184700,USD,184700,US,M
2022,SE,FT,Data_Engineer,175100,USD,175100,US,M
2022,SE,FT,Data_Engineer,140250,USD,140250,US,M
2022,SE,FT,Data_Analyst,116150,USD,116150,US,M
2022,SE,FT,Data_Analyst,99050,USD,99050,US,M
2022,SE,FT,Data_Engineer,145000,USD,145000,US,M
2022,SE,FT,Data_Engineer,130000,USD,130000,US,M
2022,SE,FT,Data_Analyst,112900,USD,112900,US,M
2022,SE,FT,Data_Analyst,90320,USD,90320,US,M
2022,SE,FT,Machine_Learning_Engineer,214000,USD,214000,US,M
2022,SE,FT,Machine_Learning_Engineer,192600,USD,192600,US,M
2022,SE,FT,Data_Architect,266400,USD,266400,US,M
2022,SE,FT,Data_Architect,213120,USD,213120,US,M
2022,SE,FT,Data_Engineer,155000,USD,155000,US,M
2022,SE,FT,Data_Engineer,115000,USD,115000,US,M
2022,SE,FT,Data_Analyst,115934,USD,115934,US,M
2022,SE,FT,Data_Analyst,81666,USD,81666,US,M
2022,SE,FT,Data_Engineer,130000,USD,130000,US,M
2022,SE,FT,Data_Engineer,110500,USD,110500,US,M
2022,SE,FT,Data_Analyst,80000,USD,80000,US,M
2022,SE,FT,Data_Analyst,60000,USD,60000,US,M
2022,SE,FT,Data_Architect,192564,USD,192564,US,M
2022,SE,FT,Data_Architect,144854,USD,144854,US,M
2022,SE,FT,Data_Scientist,230000,USD,230000,US,M
2022,SE,FT,Data_Scientist,150000,USD,150000,US,M
2022,SE,FT,Data_Analytics_Manager,150260,USD,150260,US,M
2022,SE,FT,Data_Analytics_Manager,109280,USD,109280,US,M
2022,SE,FT,Data_Analyst,170000,USD,170000,US,M
2022,SE,FT,Data_Analyst,150000,USD,150000,US,M
2022,SE,FT,Data_Engineer,154000,USD,154000,US,M
2022,SE,FT,Data_Engineer,126000,USD,126000,US,M
2022,SE,FT,Data_Analyst,129000,USD,129000,US,M
2022,SE,FT,Data_Analyst,99000,USD,99000,US,M
2022,SE,FT,Data_Scientist,210000,USD,210000,US,M
2022,SE,FT,Data_Scientist,140000,USD,140000,US,M
2022,SE,FT,Data_Scientist,210000,USD,210000,US,M
2022,SE,FT,Data_Scientist,140000,USD,140000,US,M
2022,SE,FT,Data_Scientist,210000,USD,210000,US,M
2022,SE,FT,Data_Scientist,140000,USD,140000,US,M
2022,SE,FT,Data_Analyst,100000,USD,100000,US,M
2022,SE,FT,Data_Analyst,69000,USD,69000,US,M
2022,SE,FT,Data_Scientist,210000,USD,210000,US,M
2022,SE,FT,Data_Scientist,140000,USD,140000,US,M
2022,SE,FT,Data_Analyst,150075,USD,150075,US,M
2022,SE,FT,Data_Analyst,110925,USD,110925,US,M
2022,SE,FT,Data_Engineer,100000,USD,100000,US,M
2022,SE,FT,Data_Engineer,25000,USD,25000,US,M
2022,SE,FT,Data_Analyst,126500,USD,126500,US,M
2022,SE,FT,Data_Analyst,106260,USD,106260,US,M
2022,SE,FT,Data_Engineer,220110,USD,220110,US,M
2022,SE,FT,Data_Engineer,160080,USD,160080,US,M
2022,SE,FT,Data_Analyst,105000,USD,105000,US,M
2022,SE,FT,Data_Analyst,100000,USD,100000,US,M
2022,SE,FT,Data_Analyst,170000,USD,170000,US,M
2022,SE,FT,Data_Analyst,135000,USD,135000,US,M
2022,SE,FT,Data_Scientist,230000,USD,230000,US,M
2022,SE,FT,Data_Scientist,140000,USD,140000,US,M
2022,SE,FT,Data_Scientist,220000,USD,220000,US,M
2022,SE,FT,Data_Scientist,140000,USD,140000,US,M
2022,SE,FT,Machine_Learning_Engineer,220000,USD,220000,US,M
2022,SE,FT,Machine_Learning_Engineer,120000,USD,120000,US,M
2022,SE,FT,Machine_Learning_Engineer,120000,USD,120000,AE,S
2022,SE,FT,Machine_Learning_Engineer,65000,USD,65000,AE,S
2022,SE,FT,Data_Engineer,210000,USD,210000,US,M
2022,SE,FT,Data_Engineer,100000,USD,100000,US,M
2022,SE,FT,Data_Scientist,185100,USD,185100,US,M
2022,SE,FT,Data_Scientist,104890,USD,104890,US,M
2022,SE,FT,Data_Engineer,105000,USD,105000,US,M
2022,SE,FT,Data_Engineer,80000,USD,80000,US,M
2022,SE,FT,Machine_Learning_Engineer,65000,EUR,68293,IE,S
2022,SE,FT,Head_of_Data,200000,USD,200000,US,M
2022,SE,FT,Data_Engineer,135000,USD,135000,US,M
2022,SE,FT,Data_Engineer,115000,USD,115000,US,M
2022,SE,FT,Machine_Learning_Engineer,57000,EUR,59888,NL,L
2022,SE,FT,Research_Scientist,85000,EUR,89306,FR,L
2022,SE,FT,Data_Scientist,165000,USD,165000,US,M
2022,SE,FT,Data_Scientist,100000,USD,100000,US,M
2022,SE,FT,Machine_Learning_Developer,100000,CAD,76814,CA,M
2022,SE,FT,Data_Science_Manager,152500,USD,152500,US,M
2022,SE,FT,Data_Analytics_Lead,405000,USD,405000,US,L
2022,SE,FT,Applied_Data_Scientist,380000,USD,380000,US,L
2022,SE,FT,Applied_Data_Scientist,177000,USD,177000,US,L
2022,SE,FT,Research_Scientist,144000,USD,144000,US,L
2022,SE,FT,Principal_Data_Scientist,148000,EUR,155499,DE,M
2022,SE,FT,Lead_Machine_Learning_Engineer,80000,EUR,84053,DE,M
2021,EN,FT,Marketing_Data_Engineer,90000,SGD,66970,SG,L
2021,EN,FT,3D_Computer_Vision_Researcher,20000,USD,20000,AS,M
2021,EN,FT,Power_BI_Developer,400000,INR,5409,IN,L
2021,EN,FT,Data_Analyst,56000,AUD,42028,AU,L
2021,EN,FT,Machine_Learning_Research_Engineer,20000,USD,20000,FR,M
2021,EN,FT,Machine_Learning_Developer,15000,USD,15000,TH,L
2021,EN,FT,Data_Engineer,33000,GBP,45390,GB,L
2021,EN,PT,Computer_Vision_Software_Engineer,120000,DKK,19073,DK,L
2021,EN,FT,Machine_Learning_Research_Engineer,900000,INR,12171,IN,M
2021,EN,FT,Data_Scientist,80000,USD,80000,US,M
2021,EN,FT,Data_Scientist,100000,USD,100000,US,S
2021,EN,FT,Data_Scientist,42000,EUR,49646,FR,M
2021,EN,FT,Machine_Learning_Engineer,20000,USD,20000,IN,S
2021,EN,PT,Data_Analyst,8760,EUR,10354,ES,M
2021,EN,FT,Applied_Data_Scientist,80000,GBP,110037,GB,L
2021,EN,FT,Data_Analyst,50000,USD,50000,US,M
2021,EN,FT,Machine_Learning_Developer,100000,USD,100000,IQ,S
2021,EN,FT,BI_Data_Analyst,55000,USD,55000,US,S
2021,EN,FT,Data_Engineer,80000,USD,80000,US,L
2021,EN,FT,Data_Science_Consultant,54000,EUR,63831,DE,L
2021,EN,FT,Machine_Learning_Engineer,125000,USD,125000,US,S
2021,EN,FT,Data_Scientist,13400,USD,13400,UA,L
2021,EN,FT,Data_Analyst,90000,USD,90000,US,S
2021,EN,FT,Data_Analyst,60000,USD,60000,US,S
2021,EN,PT,AI_Scientist,12000,USD,12000,US,M
2021,EN,FT,Research_Scientist,60000,GBP,82528,GB,L
2021,EN,FT,Data_Analyst,50000,EUR,59102,FR,M
2021,EN,FT,Data_Analyst,80000,USD,80000,US,M
2021,EN,FT,Machine_Learning_Scientist,225000,USD,225000,US,L
2021,EN,FT,Data_Science_Consultant,65000,EUR,76833,DE,S
2021,EN,FT,Data_Engineer,2250000,INR,30428,IN,L
2021,EN,FT,Computer_Vision_Software_Engineer,70000,USD,70000,US,M
2021,EN,FT,Data_Scientist,2200000,INR,29751,IN,L
2021,EN,FT,Data_Scientist,2100000,INR,28399,IN,M
2021,EN,FT,Data_Scientist,90000,USD,90000,US,S
2021,EN,FT,Data_Scientist,31000,EUR,36643,FR,L
2021,EN,FT,Data_Engineer,1600000,INR,21637,IN,M
2021,EN,FT,Data_Engineer,72500,USD,72500,US,L
2021,EN,FT,Research_Scientist,100000,USD,100000,CN,L
2021,EN,FT,Data_Scientist,58000,USD,58000,US,L
2021,EN,FT,Data_Scientist,100000,USD,100000,US,M
2021,EN,FT,Machine_Learning_Engineer,85000,USD,85000,DE,S
2021,EN,FT,Data_Science_Consultant,65000,EUR,76833,DE,L
2021,EN,FT,Data_Engineer,55000,EUR,65013,DE,M
2021,EN,FT,Big_Data_Engineer,1200000,INR,16228,IN,L
2021,EN,FT,Machine_Learning_Engineer,21000,EUR,24823,DE,M
2021,EN,FT,BI_Data_Analyst,9272,USD,9272,KE,S
2021,EN,FT,Machine_Learning_Engineer,21844,USD,21844,CO,M
2021,EN,FT,Machine_Learning_Engineer,81000,USD,81000,US,S
2021,EN,FT,Data_Science_Consultant,90000,USD,90000,US,S
2021,EN,PT,Computer_Vision_Engineer,180000,DKK,28609,DK,S
2021,EN,FT,Big_Data_Engineer,435000,INR,5882,CH,L
2021,EN,FT,Business_Data_Analyst,50000,EUR,59102,LU,L
2021,EN,FT,AI_Scientist,1335000,INR,18053,AS,S
2021,EN,PT,AI_Scientist,12000,USD,12000,US,S
2021,EX,FT,Director_of_Data_Science,250000,USD,250000,US,L
2021,EX,FT,Director_of_Data_Science,110000,EUR,130026,DE,M
2021,EX,FT,Head_of_Data_Science,85000,USD,85000,RU,M
2021,EX,FT,Head_of_Data,230000,USD,230000,RU,L
2021,EX,FT,Director_of_Data_Science,130000,EUR,153667,PL,L
2021,EX,FT,Head_of_Data,235000,USD,235000,US,L
2021,EX,FT,BI_Data_Analyst,150000,USD,150000,US,L
2021,EX,FT,Director_of_Data_Science,120000,EUR,141846,DE,L
2021,EX,FT,Data_Science_Consultant,59000,EUR,69741,ES,S
2021,EX,CT,Principal_Data_Scientist,416000,USD,416000,US,S
2021,MI,FT,Data_Science_Lead,150000,USD,150000,US,M
2021,MI,FT,AI_Scientist,30000,USD,30000,GH,S
2021,MI,FT,Data_Analyst,1250000,INR,16904,IN,L
2021,MI,FL,Autonomous_Vehicle_Technician,45555,USD,45555,BS,M
2021,MI,FT,Data_Engineer,100000,AUD,75050,AU,L
2021,MI,FT,Machine_Learning_Engineer,43200,EUR,51064,IT,L
2021,MI,FT,Data_Scientist,109000,USD,109000,US,L
2021,MI,FT,Research_Scientist,69999,USD,69999,CZ,L
2021,MI,FT,Data_Analyst,135000,USD,135000,US,L
2021,MI,FT,ML_Engineer,8500000,JPY,77364,JP,S
2021,MI,FT,ML_Engineer,7000000,JPY,63711,JP,S
2021,MI,FT,Data_Analyst,90000,USD,90000,US,M
2021,MI,FT,Applied_Machine_Learning_Scientist,38400,USD,38400,US,M
2021,MI,FT,Data_Scientist,82500,USD,82500,US,S
2021,MI,FT,Data_Scientist,700000,INR,9466,IN,S
2021,MI,FT,Big_Data_Engineer,60000,USD,60000,RO,M
2021,MI,FT,Data_Engineer,200000,USD,200000,US,L
2021,MI,FT,Data_Engineer,100000,USD,100000,US,L
2021,MI,FT,Research_Scientist,53000,EUR,62649,FR,M
2021,MI,FT,Data_Engineer,60000,GBP,82528,GB,L
2021,MI,FT,Data_Architect,170000,USD,170000,US,L
2021,MI,FT,Data_Architect,150000,USD,150000,US,L
2021,MI,FT,Data_Scientist,95000,CAD,75774,CA,L
2021,MI,FT,Data_Scientist,150000,USD,150000,US,M
2021,MI,FT,Data_Engineer,90000,USD,90000,US,L
2021,MI,FT,Data_Scientist,50000,USD,50000,NG,L
2021,MI,PT,3D_Computer_Vision_Researcher,400000,INR,5409,IN,M
2021,MI,CT,ML_Engineer,270000,USD,270000,US,L
2021,MI,FT,Applied_Data_Scientist,68000,CAD,54238,CA,L
2021,MI,FT,Machine_Learning_Engineer,40000,EUR,47282,ES,S
2021,MI,FT,Data_Engineer,110000,PLN,28476,PL,L
2021,MI,FT,Data_Analytics_Engineer,110000,USD,110000,US,L
2021,MI,FT,Data_Engineer,140000,USD,140000,US,L
2021,MI,FT,BI_Data_Analyst,100000,USD,100000,US,M
2021,MI,FT,Research_Scientist,235000,CAD,187442,CA,L
2021,MI,FT,Data_Analyst,37456,GBP,51519,GB,L
2021,MI,FT,BI_Data_Analyst,11000000,HUF,36259,US,L
2021,MI,FT,Computer_Vision_Software_Engineer,81000,EUR,95746,US,S
2021,MI,FT,Cloud_Data_Engineer,120000,SGD,89294,SG,L
2021,MI,FT,Data_Engineer,200000,USD,200000,US,L
2021,MI,FT,Data_Analyst,93000,USD,93000,US,L
2021,MI,FT,Data_Engineer,108000,TRY,12103,TR,M
2021,MI,FT,Data_Engineer,52500,GBP,72212,GB,L
2021,MI,FT,Data_Analyst,80000,USD,80000,US,L
2021,MI,FT,Research_Scientist,80000,CAD,63810,CA,M
2021,MI,FT,Head_of_Data_Science,110000,USD,110000,US,S
2021,MI,FT,Data_Architect,180000,USD,180000,US,L
2021,MI,FT,Data_Engineer,110000,USD,110000,US,L
2021,MI,PT,Data_Engineer,59000,EUR,69741,NL,L
2021,MI,FT,Data_Engineer,112000,USD,112000,US,L
2021,MI,FT,Data_Engineer,250000,TRY,28016,TR,M
2021,MI,FT,Data_Engineer,111775,USD,111775,US,M
2021,MI,FT,Data_Engineer,93150,USD,93150,US,M
2021,MI,FT,Data_Scientist,21600,EUR,25532,DE,S
2021,MI,FT,Data_Scientist,1250000,INR,16904,IN,S
2021,MI,FT,Data_Scientist,147000,USD,147000,US,L
2021,MI,FT,Data_Engineer,22000,EUR,26005,US,L
2021,MI,FT,Data_Scientist,76760,EUR,90734,DE,L
2021,MI,FT,Big_Data_Engineer,1672000,INR,22611,IN,L
2021,MI,FT,Data_Scientist,420000,INR,5679,US,S
2021,MI,FT,Data_Scientist,30400000,CLP,40038,CL,L
2021,MI,FT,Data_Scientist,52000,EUR,61467,AT,M
2021,MI,FT,Data_Scientist,32000,EUR,37825,ES,L
2021,MI,FT,Data_Scientist,40900,GBP,56256,GB,L
2021,MI,FT,Data_Scientist,2500000,INR,33808,IN,M
2021,MI,FT,Data_Scientist,85000,GBP,116914,GB,L
2021,MI,FT,Machine_Learning_Engineer,180000,PLN,46597,PL,L
2021,MI,FT,Machine_Learning_Engineer,75000,EUR,88654,BE,M
2021,MI,FT,Data_Scientist,75000,EUR,88654,DE,L
2021,MI,FT,Data_Engineer,48000,GBP,66022,GB,S
2021,MI,FT,Research_Scientist,48000,EUR,56738,FR,S
2021,MI,FT,Machine_Learning_Engineer,21000,EUR,24823,SI,L
2021,MI,FL,Data_Engineer,20000,USD,20000,US,L
2021,MI,FT,Data_Scientist,160000,USD,160000,US,L
2021,MI,FT,Data_Science_Engineer,34000,EUR,40189,GR,M
2021,MI,FT,Data_Scientist,69600,BRL,12901,BR,S
2021,MI,FT,Data_Scientist,76760,EUR,90734,DE,L
2021,MI,FL,Machine_Learning_Scientist,12000,USD,12000,PK,M
2021,MI,FT,Machine_Learning_Engineer,74000,USD,74000,JP,S
2021,MI,FT,Big_Data_Engineer,18000,USD,18000,MD,S
2021,MI,FT,Data_Scientist,130000,USD,130000,US,L
2021,MI,FT,Data_Scientist,39600,EUR,46809,ES,M
2021,MI,FT,Data_Scientist,115000,USD,115000,US,L
2021,MI,FT,Lead_Data_Analyst,1450000,INR,19609,IN,L
2021,MI,FT,Data_Analyst,75000,USD,75000,US,L
2021,MI,FT,Data_Analyst,62000,USD,62000,US,L
2021,MI,FT,Data_Scientist,73000,USD,73000,US,L
2021,MI,FT,Data_Engineer,38400,EUR,45391,NL,L
2021,MI,FT,Data_Scientist,160000,SGD,119059,IL,M
2021,MI,FT,Applied_Machine_Learning_Scientist,423000,USD,423000,US,L
2021,MI,FT,Data_Engineer,24000,EUR,28369,MT,L
2021,MI,FT,Principal_Data_Scientist,151000,USD,151000,US,L
2021,SE,FT,Data_Scientist,4000000,INR,54094,IN,L
2021,SE,FT,Data_Analyst,115000,USD,115000,US,S
2021,SE,FT,Data_Analyst,50000,USD,50000,PH,S
2021,SE,FT,Cloud_Data_Architect,250000,USD,250000,US,L
2021,SE,FT,Head_of_Data,87000,EUR,102839,SI,L
2021,SE,FT,Data_Engineer,150000,USD,150000,US,L
2021,SE,FT,Data_Science_Manager,240000,USD,240000,US,L
2021,SE,FT,Principal_Data_Scientist,220000,USD,220000,US,L
2021,SE,FT,Computer_Vision_Engineer,24000,USD,24000,BR,M
2021,SE,FT,Lead_Data_Scientist,3000000,INR,40570,IN,L
2021,SE,FT,Machine_Learning_Scientist,120000,USD,120000,US,S
2021,SE,FT,Principal_Data_Engineer,200000,USD,200000,US,M
2021,SE,FT,Machine_Learning_Engineer,70000,EUR,82744,BE,M
2021,SE,FT,Data_Analytics_Manager,120000,USD,120000,US,M
2021,SE,FT,Data_Science_Engineer,159500,CAD,127221,CA,L
2021,SE,FT,Data_Science_Manager,144000,USD,144000,US,L
2021,SE,FT,Data_Engineer,153000,USD,153000,US,L
2021,SE,FT,Data_Analyst,80000,USD,80000,US,S
2021,SE,FT,Data_Analytics_Engineer,67000,EUR,79197,DE,L
2021,SE,FT,Lead_Data_Analyst,170000,USD,170000,US,L
2021,SE,FT,Data_Scientist,45000,EUR,53192,FR,L
2021,SE,FT,Marketing_Data_Analyst,75000,EUR,88654,DK,L
2021,SE,FT,Lead_Data_Engineer,75000,GBP,103160,GB,S
2021,SE,FT,Data_Engineer,82500,GBP,113476,GB,M
2021,SE,FT,Machine_Learning_Engineer,80000,EUR,94564,DE,L
2021,SE,FT,Data_Engineer,150000,USD,150000,US,M
2021,SE,FT,Data_Engineer,115000,USD,115000,US,S
2021,SE,FT,Data_Engineer,150000,USD,150000,US,L
2021,SE,FT,Lead_Data_Engineer,276000,USD,276000,US,L
2021,SE,FT,Cloud_Data_Engineer,160000,USD,160000,US,S
2021,SE,FT,Data_Engineer,174000,USD,174000,US,L
2021,SE,FT,Research_Scientist,51400,EUR,60757,PT,L
2021,SE,FT,Principal_Data_Analyst,170000,USD,170000,US,M
2021,SE,FT,Data_Engineer,70000,GBP,96282,GB,L
2021,SE,FT,Big_Data_Architect,125000,CAD,99703,CA,M
2021,SE,FT,Data_Scientist,165000,USD,165000,US,L
2021,SE,FT,Data_Scientist,130000,CAD,103691,CA,L
2021,SE,FT,Data_Analyst,200000,USD,200000,US,L
2021,SE,FT,Data_Engineer,200000,USD,200000,US,L
2021,SE,FT,ML_Engineer,256000,USD,256000,US,S
2021,SE,FT,Machine_Learning_Engineer,185000,USD,185000,US,L
2021,SE,FT,Data_Scientist,180000,TRY,20171,TR,L
2021,SE,FT,AI_Scientist,55000,USD,55000,ES,L
2021,SE,FT,Data_Scientist,65720,EUR,77684,FR,M
2021,SE,CT,Staff_Data_Scientist,105000,USD,105000,US,M
2021,SE,FT,Lead_Data_Engineer,160000,USD,160000,US,S
2021,SE,FT,Machine_Learning_Engineer,4900000,INR,66265,IN,L
2021,SE,FT,Data_Analyst,54000,EUR,63831,DE,L
2021,SE,FT,Data_Analyst,90000,CAD,71786,CA,M
2021,SE,FT,Data_Scientist,135000,USD,135000,US,L
2021,SE,FT,Data_Science_Manager,4000000,INR,54094,US,L
2021,SE,FT,Machine_Learning_Engineer,1799997,INR,24342,IN,L
2021,SE,FT,Research_Scientist,120500,CAD,96113,CA,L
2021,SE,FT,Data_Science_Manager,174000,USD,174000,US,L
2021,SE,FT,Data_Analytics_Engineer,50000,USD,50000,GB,M
2021,SE,FT,Machine_Learning_Infrastructure_Engineer,195000,USD,195000,US,M
2021,SE,FT,Machine_Learning_Scientist,225000,USD,225000,CA,L
2021,SE,FT,Data_Analytics_Manager,120000,USD,120000,US,L
2021,SE,FT,Machine_Learning_Engineer,200000,USD,200000,US,L
2021,SE,FT,Research_Scientist,50000,USD,50000,US,S
2021,SE,FT,Data_Engineer,165000,USD,165000,US,M
2021,SE,FT,Principal_Data_Engineer,185000,USD,185000,US,L
2021,SE,FT,Data_Analytics_Manager,140000,USD,140000,US,L
2021,SE,FT,Data_Scientist,110000,CAD,87738,CA,S
2021,SE,FT,Finance_Data_Analyst,45000,GBP,61896,GB,L
2021,SE,FT,Data_Engineer,65000,EUR,76833,GB,S
2021,SE,FT,Data_Science_Manager,152000,USD,152000,FR,L
2021,SE,FT,Computer_Vision_Engineer,102000,BRL,18907,BR,M
2021,SE,FT,Principal_Data_Scientist,147000,EUR,173762,DE,M
2021,SE,FT,Principal_Data_Scientist,235000,USD,235000,US,L
2021,SE,FT,Director_of_Data_Science,168000,USD,168000,JP,S
2021,SE,FT,Data_Specialist,165000,USD,165000,US,L
2021,SE,FT,Data_Science_Manager,7000000,INR,94665,IN,L
2020,EN,FT,Data_Engineer,1000000,INR,13493,IN,L
2020,EN,FT,Data_Engineer,1000000,INR,13493,IN,L
2020,EN,FT,Data_Analyst,20000,EUR,22809,PT,M
2020,EN,FT,Data_Scientist,43200,EUR,49268,DE,S
2020,EN,FT,Data_Engineer,48000,EUR,54742,DE,L
2020,EN,FT,Big_Data_Engineer,70000,USD,70000,US,L
2020,EN,FT,Machine_Learning_Engineer,250000,USD,250000,US,L
2020,EN,FT,Data_Analyst,10000,USD,10000,NG,S
2020,EN,FT,Machine_Learning_Engineer,138000,USD,138000,US,S
2020,EN,PT,ML_Engineer,14000,EUR,15966,DE,S
2020,EN,FT,Data_Analyst,450000,INR,6072,IN,S
2020,EN,FT,Data_Analyst,91000,USD,91000,US,L
2020,EN,FT,Research_Scientist,42000,USD,42000,NL,L
2020,EN,FT,Data_Analyst,72000,USD,72000,US,L
2020,EN,FT,Data_Scientist,45000,EUR,51321,FR,S
2020,EN,FT,Data_Scientist,35000,EUR,39916,FR,M
2020,EN,FT,Data_Engineer,4450000,JPY,41689,JP,S
2020,EN,FT,Data_Science_Consultant,423000,INR,5707,IN,M
2020,EN,FT,AI_Scientist,300000,DKK,45896,DK,S
2020,EN,FT,Data_Scientist,55000,EUR,62726,DE,S
2020,EN,PT,Data_Scientist,19000,EUR,21669,IT,S
2020,EN,FT,Data_Scientist,105000,USD,105000,US,S
2020,EN,CT,Business_Data_Analyst,100000,USD,100000,US,L
2020,EX,FT,Staff_Data_Analyst,15000,USD,15000,CA,M
2020,EX,FT,Data_Engineer,70000,EUR,79833,ES,L
2020,EX,FT,Director_of_Data_Science,325000,USD,325000,US,L
2020,MI,FT,Business_Data_Analyst,95000,USD,95000,US,M
2020,MI,FT,Product_Data_Analyst,20000,USD,20000,HN,S
2020,MI,FT,Data_Engineer,51999,EUR,59303,DE,S
2020,MI,FT,Research_Scientist,450000,USD,450000,US,M
2020,MI,FT,Data_Analyst,41000,EUR,46759,FR,L
2020,MI,FT,Data_Engineer,65000,EUR,74130,AT,L
2020,MI,FT,Data_Science_Consultant,103000,USD,103000,US,L
2020,MI,FT,Data_Scientist,45760,USD,45760,US,S
2020,MI,FT,Machine_Learning_Infrastructure_Engineer,44000,EUR,50180,PT,M
2020,MI,FT,Data_Engineer,106000,USD,106000,US,L
2020,MI,FT,Data_Engineer,88000,GBP,112872,GB,L
2020,MI,FT,Data_Scientist,60000,GBP,76958,GB,S
2020,MI,FT,Data_Scientist,105000,USD,105000,US,L
2020,MI,FT,Data_Engineer,61500,EUR,70139,FR,L
2020,MI,FT,Lead_Data_Scientist,115000,USD,115000,AE,L
2020,MI,FT,Data_Scientist,70000,EUR,79833,DE,L
2020,MI,FT,Data_Scientist,11000000,HUF,35735,HU,L
2020,MI,FT,Business_Data_Analyst,135000,USD,135000,US,L
2020,MI,FT,Data_Scientist,3000000,INR,40481,IN,L
2020,MI,FT,Lead_Data_Analyst,87000,USD,87000,US,L
2020,MI,FT,Data_Analyst,85000,USD,85000,US,L
2020,MI,FT,Data_Analyst,8000,USD,8000,PK,L
2020,MI,FT,Lead_Data_Engineer,56000,USD,56000,US,M
2020,MI,FT,Product_Data_Analyst,450000,INR,6072,IN,L
2020,MI,FT,BI_Data_Analyst,98000,USD,98000,US,M
2020,MI,FT,Data_Scientist,37000,EUR,42197,FR,S
2020,MI,FT,Data_Engineer,110000,USD,110000,US,L
2020,MI,FT,Data_Scientist,34000,EUR,38776,ES,M
2020,MI,FT,Data_Scientist,55000,EUR,62726,LU,S
2020,MI,FT,Data_Scientist,118000,USD,118000,US,M
2020,MI,FT,Data_Scientist,138350,USD,138350,US,M
2020,MI,FT,Data_Engineer,130800,USD,130800,US,M
2020,SE,FT,Machine_Learning_Manager,157000,CAD,117104,CA,L
2020,SE,FT,Data_Scientist,60000,EUR,68428,US,L
2020,SE,FT,Data_Engineer,188000,USD,188000,US,L
2020,SE,FT,Data_Engineer,720000,MXN,33511,MX,S
2020,SE,FT,Machine_Learning_Scientist,260000,USD,260000,JP,S
2020,SE,FT,Big_Data_Engineer,85000,GBP,109024,GB,M
2020,SE,FT,Machine_Learning_Engineer,150000,USD,150000,US,L
2020,SE,FT,Lead_Data_Scientist,190000,USD,190000,US,S
2020,SE,FT,Lead_Data_Engineer,125000,USD,125000,NZ,S
2020,SE,FT,Big_Data_Engineer,100000,EUR,114047,GB,S
2020,SE,FT,Data_Engineer,42000,EUR,47899,GR,L
2020,SE,FT,Data_Scientist,120000,USD,120000,US,L
2020,SE,FL,Computer_Vision_Engineer,60000,USD,60000,US,S
2020,SE,FT,Principal_Data_Scientist,130000,EUR,148261,DE,M
2020,SE,FT,Data_Scientist,80000,EUR,91237,AT,S
2020,SE,FT,Data_Science_Manager,190200,USD,190200,US,M
2020,SE,FT,Machine_Learning_Engineer,40000,EUR,45618,HR,S
2020,SE,FT,Data_Scientist,412000,USD,412000,US,L